id,HHID,pnum,personType,tourID,tourtype,todAlt,todArrPrim,todDepPrim,departHome
0,1,1,1,0,1,1538,18,59,17
1,1,2,7,1944,3,1985,24,53,23
2,7,1,2,1,1,1029,12,39,11
3,12,1,1,2,1,1532,18,53,17
4,12,2,2,3,1,1994,24,62,23
5,12,4,6,2545,3,1446,17,46,16
6,13,1,1,4,1,1610,19,53,18
7,13,1,1,5,1,3815,56,75,55
8,13,3,6,2784,3,1603,19,46,18
9,13,4,6,2785,3,1532,18,53,17
10,13,4,6,2786,1,3853,57,73,56
11,13,5,7,1945,3,1758,21,48,20
12,20,1,1,6,1,1687,20,53,19
13,20,1,1,7,1,3843,57,63,56
14,20,2,1,8,1,1374,16,54,15
15,20,3,6,2787,3,1604,19,47,18
16,20,4,7,2546,3,1762,21,52,20
17,20,5,7,2402,3,1602,19,45,18
18,22,1,1,9,1,2330,29,48,28
19,22,1,1,10,1,3743,54,86,53
20,22,2,3,2923,3,3276,44,94,43
21,22,3,7,2547,3,1610,19,53,18
22,22,4,7,1946,3,1910,23,51,22
23,22,5,7,1947,3,1444,17,44,16
24,23,2,2,11,1,2066,25,62,24
25,24,1,1,12,1,1032,12,42,11
26,24,2,1,13,1,1293,15,54,14
27,25,2,1,14,1,3493,49,61,46
28,25,3,7,1948,3,1759,21,49,19
29,25,4,6,2548,3,1527,18,48,17
30,25,5,7,2403,3,1505,18,26,17
31,29,1,1,15,1,1993,24,61,22
32,29,2,2,16,1,1911,23,52,22
33,29,3,7,1949,3,1757,21,47,20
34,29,4,7,1950,3,1912,23,53,22
35,30,1,1,17,1,1613,19,56,18
36,30,2,1,18,1,1231,14,74,12
37,36,1,1,19,1,1129,13,55,12
38,42,1,1,20,1,2136,26,61,25
39,43,1,1,21,1,1690,20,56,19
40,46,1,1,22,1,1701,20,67,19
41,46,4,8,1853,3,1823,22,38,21
42,48,1,1,23,1,1453,17,53,16
43,49,1,1,24,1,1374,16,54,15
44,49,3,7,1951,3,1683,20,49,19
45,49,4,8,1854,3,1817,22,32,21
46,50,1,1,25,1,1210,14,53,12
47,50,2,3,2924,3,2472,31,57,30
48,50,4,8,1855,3,1669,20,35,19
49,52,1,1,26,1,1532,18,53,17
50,55,1,1,27,1,1455,17,55,16
51,57,1,1,28,1,1207,14,50,13
52,57,2,1,29,1,1533,18,54,16
53,61,3,7,1952,3,1905,23,46,22
54,61,4,7,1953,3,1908,23,49,22
55,62,1,1,30,1,2057,25,53,24
56,65,1,1,31,1,1854,22,69,20
57,65,2,2,32,1,1743,21,33,20
58,66,1,2,34,3,3389,47,54,46
59,66,1,2,35,1,3869,57,89,56
60,66,2,1,33,1,1208,14,51,12
61,68,1,1,36,1,2143,26,68,24
62,69,2,1,37,1,1845,22,60,21
63,69,3,7,1954,3,1605,19,48,18
64,69,4,7,2404,3,1978,24,46,23
65,70,1,1,38,1,1919,23,60,20
66,70,2,1,39,1,2204,27,59,24
67,72,4,1,40,1,1691,20,57,19
68,75,1,1,41,1,1536,18,57,17
69,75,2,1,42,1,3842,57,62,56
70,76,2,1,43,1,1985,24,53,23
71,77,1,1,44,1,1592,19,35,18
72,77,1,1,45,1,3410,47,75,46
73,78,1,1,46,1,1457,17,57,16
74,78,3,7,2405,3,1909,23,50,22
75,79,1,1,47,1,2866,37,76,34
76,79,2,7,2549,3,2063,25,59,24
77,79,3,7,2406,3,1832,22,47,21
78,80,1,1,48,1,1289,15,50,14
79,80,2,2,49,1,1979,24,47,23
80,80,3,6,2550,3,1606,19,49,18
81,81,1,1,50,1,1739,21,29,20
82,81,1,1,51,1,3521,49,89,48
83,84,1,1,52,1,1615,19,58,18
84,84,1,1,53,3,4015,61,85,60
85,84,2,7,1955,3,1682,20,48,19
86,85,1,1,54,1,1610,19,53,18
87,85,2,1,55,1,1211,14,54,13
88,85,3,8,1856,3,1612,19,55,18
89,86,1,1,56,1,1688,20,54,19
90,86,2,1,57,1,1608,19,51,18
91,86,2,1,58,1,3769,55,70,54
92,86,3,7,1956,3,1369,16,49,13
93,87,1,2,59,1,2414,30,65,29
94,89,1,1,60,1,2276,28,62,26
95,91,1,1,61,1,1451,17,51,16
96,91,2,1,62,1,1610,19,53,18
97,94,1,1,63,1,1531,18,52,17
98,94,2,1,64,1,1983,24,51,23
99,94,2,1,65,1,3673,53,59,52
100,94,3,6,2551,3,1825,22,40,21
101,94,4,7,2407,3,1447,17,47,15
102,95,1,1,66,1,1269,15,30,12
103,95,2,1,67,1,2061,25,57,24
104,97,1,1,68,1,3008,40,44,36
105,97,2,1,69,1,1755,21,45,20
106,98,2,2,70,1,1969,24,37,21
107,99,1,1,71,1,3070,41,50,40
108,99,1,1,72,1,3758,55,59,54
109,99,2,2,73,1,2725,35,56,34
110,100,1,1,74,1,1521,18,42,17
111,101,1,1,75,1,2201,27,56,26
112,103,1,2,77,1,1839,22,54,21
113,103,2,1,76,1,1350,16,30,15
114,103,3,7,2408,3,2057,25,53,24
115,103,4,7,1957,3,1983,24,51,23
116,104,2,7,1958,3,1605,19,48,16
117,105,1,1,78,1,1210,14,53,12
118,105,2,1,79,1,3699,53,85,50
119,106,1,1,80,1,2342,29,60,26
120,106,2,1,81,1,1125,13,51,12
121,106,4,2,82,1,2134,26,59,24
122,106,5,6,2552,3,1601,19,44,18
123,106,5,6,2553,3,3394,47,59,46
124,106,6,6,2554,3,1605,19,48,17
125,108,1,2,83,1,2322,29,40,27
126,113,1,2,84,1,2038,25,34,24
127,113,1,2,85,1,2903,38,54,37
128,115,1,1,86,1,1215,14,58,13
129,115,2,1,87,1,1585,19,28,18
130,115,2,1,88,1,3471,48,87,47
131,115,4,8,1857,3,1757,21,47,20
132,117,1,1,89,1,1039,12,49,11
133,117,2,2,90,1,1986,24,54,23
134,117,3,2,91,1,4095,63,96,62
135,120,4,6,2555,3,1683,20,49,19
136,121,3,1,92,1,3312,45,78,44
137,121,4,6,2788,3,1363,16,43,15
138,124,1,1,93,1,695,8,51,7
139,124,2,2,94,1,1830,22,45,21
140,126,1,1,95,1,1538,18,59,17
141,126,2,1,96,1,1904,23,45,22
142,126,2,1,97,1,3533,50,54,49
143,126,3,6,2556,3,1681,20,47,19
144,126,4,7,1959,3,1834,22,49,20
145,127,1,1,98,1,1764,21,54,20
146,127,2,1,99,1,1004,12,14,9
147,128,1,1,100,1,2338,29,56,27
148,128,2,1,101,1,1664,20,30,19
149,128,2,1,102,1,2785,36,55,35
150,128,4,7,1960,3,1615,19,58,18
151,130,2,1,103,1,2287,28,73,27
152,130,3,7,1961,3,1758,21,48,20
153,130,4,7,1962,3,1604,19,47,18
154,133,2,2,104,1,1368,16,48,15
155,135,1,1,105,1,2065,25,61,24
156,135,3,8,1858,3,1818,22,33,21
157,137,1,1,106,1,2063,25,59,23
158,137,2,1,107,1,1836,22,51,21
159,138,1,3,2925,3,3922,59,65,58
160,139,1,2,108,1,2354,29,72,26
161,140,1,1,109,1,1610,19,53,16
162,140,2,8,1859,3,1612,19,55,17
163,142,2,1,110,1,1692,20,58,19
164,144,1,1,111,1,1291,15,52,14
165,144,2,2,112,1,2263,28,49,25
166,144,4,7,1963,3,1762,21,52,19
167,146,1,1,113,1,2287,28,73,25
168,146,2,1,114,1,2136,26,61,23
169,146,3,8,1860,3,1451,17,51,16
170,147,1,1,115,1,1688,20,54,19
171,147,2,1,116,1,1690,20,56,19
172,148,1,1,117,1,1764,21,54,19
173,148,2,2,118,1,1754,21,44,20
174,148,3,7,1964,3,2056,25,52,24
175,149,1,2,120,1,1118,13,44,12
176,149,2,1,119,1,2133,26,58,25
177,149,3,7,1965,3,1912,23,53,21
178,150,1,1,121,1,1460,17,60,16
179,150,3,7,1966,3,1682,20,48,18
180,150,4,7,1967,3,1682,20,48,19
181,152,3,7,1968,3,1908,23,49,21
182,154,2,1,122,1,2330,29,48,28
183,154,3,6,2557,3,1759,21,49,20
184,154,4,7,2409,3,1597,19,40,18
185,157,1,1,123,1,788,9,56,8
186,157,2,7,1969,3,1532,18,53,17
187,161,2,1,124,1,1771,21,61,20
188,165,2,1,125,1,2658,34,51,32
189,166,1,1,126,1,1594,19,37,18
190,166,1,1,127,1,3023,40,59,39
191,166,2,1,128,1,2136,26,61,23
192,167,1,1,129,1,1541,18,62,17
193,167,2,1,130,1,1503,18,24,17
194,167,2,1,131,1,3893,58,74,57
195,168,1,1,132,1,2479,31,64,29
196,168,2,1,133,1,2064,25,60,24
197,169,1,1,134,1,2590,33,46,32
198,169,2,1,135,1,2208,27,63,24
199,169,3,6,2558,3,1606,19,49,18
200,170,3,2,136,1,3098,41,78,40
201,172,3,1,137,1,2134,26,59,24
202,173,3,7,2559,3,1604,19,47,18
203,173,4,7,1970,3,1909,23,50,22
204,173,5,7,1971,3,1987,24,55,23
205,174,1,2,139,1,1511,18,32,17
206,174,2,1,138,1,1214,14,57,13
207,174,3,7,2410,3,1602,19,45,18
208,174,4,7,1972,3,1605,19,48,18
209,175,2,2,140,1,2191,27,46,26
210,175,3,7,2560,3,1829,22,44,20
211,175,4,7,1973,3,1760,21,50,20
212,177,1,1,141,1,1745,21,35,20
213,177,1,1,142,1,3453,48,69,47
214,177,2,1,143,1,1845,22,60,20
215,177,3,6,2561,3,1367,16,47,15
216,177,4,7,2411,3,1980,24,48,23
217,179,1,1,144,1,2344,29,62,26
218,181,2,1,145,1,2362,29,80,28
219,181,3,7,2562,3,1447,17,47,16
220,181,4,7,1974,3,1681,20,47,19
221,182,1,1,146,1,1916,23,57,21
222,183,1,2,147,1,2273,28,59,27
223,183,3,7,2563,3,1604,19,47,18
224,183,4,7,1975,3,1685,20,51,19
225,183,5,7,1976,3,1984,24,52,23
226,185,1,1,148,1,1693,20,59,19
227,187,1,1,149,1,1611,19,54,18
228,187,3,1,150,1,1538,18,59,17
229,187,4,1,151,1,3953,59,96,58
230,187,5,7,2412,3,1971,24,39,23
231,187,6,7,1977,3,1681,20,47,19
232,188,1,1,152,1,1536,18,57,17
233,188,2,2,153,1,2347,29,65,26
234,188,3,7,2413,3,1525,18,46,17
235,188,4,7,1978,3,1689,20,55,19
236,188,5,8,1861,3,1691,20,57,19
237,190,1,1,154,1,1529,18,50,17
238,190,2,1,155,1,1688,20,54,18
239,190,3,7,1979,3,1987,24,55,23
240,190,5,7,2564,3,1606,19,49,18
241,191,1,1,156,1,1757,21,47,20
242,191,1,1,157,1,4036,62,71,61
243,191,2,1,158,1,2176,27,31,26
244,191,2,1,159,1,2726,35,57,34
245,191,3,6,2565,3,1682,20,48,18
246,191,4,7,2414,3,1836,22,51,21
247,191,5,3,2853,3,1907,23,48,22
248,192,1,2,160,1,2329,29,47,28
249,192,3,7,2566,3,1835,22,50,21
250,192,4,7,1980,3,1758,21,48,20
251,192,5,7,1981,3,1984,24,52,23
252,195,1,1,161,1,1453,17,53,15
253,196,2,1,162,1,1834,22,49,21
254,196,3,1,163,1,2137,26,62,25
255,196,7,7,1982,3,1757,21,47,20
256,197,2,1,164,1,1772,21,62,18
257,197,3,6,2789,1,2055,25,51,24
258,197,3,6,2790,3,3852,57,72,56
259,197,4,7,1983,3,1835,22,50,21
260,197,5,7,1984,3,2406,30,57,29
261,197,6,8,1862,3,2039,25,35,24
262,197,7,7,1985,3,2056,25,52,24
263,199,1,1,165,1,1814,22,29,20
264,199,2,1,166,1,1609,19,52,18
265,200,1,2,168,1,2388,30,39,29
266,200,1,2,169,1,3307,45,73,44
267,200,2,1,167,1,2202,27,57,26
268,200,3,6,2567,3,1679,20,45,18
269,200,4,7,2415,3,1682,20,48,19
270,200,5,7,2416,3,1444,17,44,16
271,202,1,1,170,1,1850,22,65,19
272,202,2,2,171,1,2832,37,42,36
273,202,3,6,2568,3,1835,22,50,21
274,203,1,1,172,1,1623,19,66,18
275,203,2,2,174,1,2454,31,39,30
276,203,3,1,173,1,1457,17,57,15
277,204,2,1,175,1,2664,34,57,33
278,205,2,1,176,1,2844,37,54,35
279,205,3,7,1986,3,1755,21,45,20
280,206,2,1,177,1,1852,22,67,21
281,206,3,7,1987,3,1983,24,51,23
282,207,2,1,178,1,1813,22,28,19
283,207,2,1,179,1,3352,46,67,43
284,208,1,2,181,1,2061,25,57,23
285,208,2,1,180,1,2802,36,72,34
286,208,4,7,1988,3,1911,23,52,22
287,209,2,2,182,1,1667,20,33,16
288,209,2,2,183,1,3839,57,59,55
289,209,3,2,184,1,1755,21,45,20
290,210,1,1,185,1,2133,26,58,24
291,211,1,1,186,1,1534,18,55,17
292,211,2,3,2946,1,1985,24,53,21
293,211,2,3,2947,3,4559,83,90,82
294,211,3,7,1989,3,1624,19,67,17
295,211,4,7,1990,3,1605,19,48,18
296,212,1,1,187,1,1691,20,57,18
297,212,3,6,2569,3,1451,17,51,16
298,212,4,7,2417,3,1433,17,33,16
299,214,1,1,188,1,2251,28,37,27
300,214,2,1,189,1,1539,18,60,17
301,214,3,6,2570,3,1629,19,72,18
302,214,4,6,2571,3,1604,19,47,18
303,215,2,2,190,1,1831,22,46,20
304,218,1,1,191,1,1656,20,22,19
305,218,1,1,192,1,2346,29,64,28
306,219,1,1,193,1,1678,20,44,18
307,219,3,8,1863,3,2899,38,50,37
308,220,2,1,194,1,1918,23,59,22
309,221,3,1,195,1,1917,23,58,21
310,224,2,2,196,1,2041,25,37,24
311,224,3,7,1991,3,1760,21,50,20
312,224,4,8,1864,3,1532,18,53,17
313,226,1,1,197,1,949,11,44,8
314,226,2,1,198,1,1669,20,35,19
315,226,3,6,2791,3,784,9,52,7
316,227,2,1,199,1,1850,22,65,19
317,227,3,7,2418,3,1524,18,45,14
318,227,4,7,1992,3,1984,24,52,22
319,227,5,7,1993,3,2127,26,52,24
320,228,1,1,200,1,1530,18,51,17
321,228,3,6,2572,3,1604,19,47,18
322,228,4,7,2419,3,1605,19,48,18
323,228,5,8,1865,3,1894,23,35,22
324,228,6,8,1866,3,2958,39,51,38
325,230,1,1,201,1,2056,25,52,23
326,230,3,7,1994,3,1979,24,47,23
327,231,1,1,202,1,2418,30,69,28
328,231,2,1,203,1,1903,23,44,21
329,232,1,1,204,1,1455,17,55,16
330,237,1,1,205,1,1990,24,58,21
331,240,4,6,2573,3,1580,19,23,18
332,240,4,6,2574,3,2126,26,51,25
333,240,5,7,2420,3,1447,17,47,16
334,242,1,3,2926,3,1738,21,28,20
335,243,1,1,206,1,1656,20,22,19
336,243,1,1,207,1,3292,45,58,44
337,243,3,7,1995,3,1447,17,47,14
338,243,5,8,1867,3,1694,20,60,19
339,248,1,1,208,1,1364,16,44,15
340,248,3,7,1996,3,1760,21,50,20
341,248,4,7,1997,3,1834,22,49,19
342,249,1,1,209,1,2279,28,65,27
343,249,3,1,210,1,2401,30,52,27
344,250,1,1,211,1,1617,19,60,18
345,250,4,7,1998,3,1525,18,46,17
346,251,2,2,212,1,1915,23,56,22
347,251,4,7,2575,3,1123,13,49,10
348,252,1,1,213,1,1376,16,56,15
349,252,2,1,214,1,1610,19,53,18
350,252,3,6,2576,3,1530,18,51,17
351,252,4,7,1999,3,1681,20,47,19
352,252,5,7,2000,3,1910,23,51,20
353,256,1,1,215,1,1455,17,55,16
354,256,2,1,216,1,1685,20,51,19
355,256,2,1,217,1,3925,59,68,58
356,256,3,6,2577,3,1834,22,49,21
357,256,4,7,2578,3,1757,21,47,20
358,256,5,7,2579,3,1529,18,50,17
359,256,6,7,2421,3,1613,19,56,18
360,259,1,1,218,1,1616,19,59,18
361,264,3,6,2580,3,1603,19,46,18
362,268,2,1,219,1,2062,25,58,24
363,268,3,6,2581,3,1502,18,23,17
364,268,3,6,2582,3,2056,25,52,24
365,270,1,1,220,1,1915,23,56,22
366,270,2,1,221,1,1989,24,57,23
367,271,3,7,2001,3,1835,22,50,21
368,271,4,7,2002,3,1834,22,49,21
369,271,5,7,2003,3,1464,17,64,16
370,274,1,1,222,1,1425,17,25,16
371,274,1,1,223,1,2536,32,56,31
372,274,2,1,224,1,1371,16,51,15
373,274,3,6,2583,3,1688,20,54,19
374,274,4,7,2584,3,1208,14,51,13
375,274,5,7,2585,3,1836,22,51,21
376,274,6,7,2422,3,1526,18,47,17
377,278,1,1,225,1,3488,49,56,48
378,278,2,1,226,1,1767,21,57,20
379,278,3,1,227,1,1376,16,56,15
380,281,2,1,228,1,2737,35,68,33
381,281,3,2,229,1,1982,24,50,23
382,281,4,6,2586,3,1687,20,53,19
383,282,2,2,230,1,3223,43,94,41
384,282,3,7,2423,3,1525,18,46,17
385,282,4,7,2424,3,1765,21,55,20
386,282,5,7,2004,3,1446,17,46,16
387,282,6,7,2005,3,2058,25,54,24
388,284,1,1,231,1,2850,37,60,36
389,284,3,7,2425,3,1682,20,48,19
390,284,4,7,2006,3,1835,22,50,21
391,286,1,3,2927,3,3141,42,66,41
392,286,3,7,2007,3,1761,21,51,20
393,289,2,1,232,1,1768,21,58,20
394,289,3,7,2008,3,1684,20,50,19
395,291,1,1,233,1,1127,13,53,10
396,291,3,3,2899,3,2657,34,50,33
397,292,1,1,234,1,2589,33,45,32
398,294,1,1,235,1,2585,33,41,32
399,294,1,1,236,1,3241,44,59,43
400,294,2,3,2854,3,1750,21,40,20
401,295,2,2,237,1,1988,24,56,23
402,300,3,6,2587,3,1606,19,49,18
403,301,1,1,238,1,1918,23,59,22
404,301,2,2,239,1,3675,53,61,50
405,303,1,1,240,1,2347,29,65,28
406,304,1,1,241,1,2280,28,66,25
407,304,3,6,2588,3,1447,17,47,16
408,305,1,1,242,1,1838,22,53,21
409,307,1,1,243,1,1533,18,54,16
410,307,2,6,2589,3,1683,20,49,19
411,308,1,1,244,1,1690,20,56,19
412,309,1,1,245,1,1685,20,51,19
413,309,2,1,246,1,1180,14,23,13
414,309,2,1,247,1,3011,40,47,39
415,309,3,3,2855,3,1909,23,50,22
416,309,4,3,2900,3,1369,16,49,15
417,311,1,1,248,1,1143,13,69,12
418,317,1,3,2928,3,3960,60,66,59
419,319,1,1,249,1,1367,16,47,15
420,320,1,2,251,1,2202,27,57,26
421,320,2,1,250,1,1599,19,42,16
422,321,2,1,252,1,1533,18,54,16
423,321,3,3,2856,3,2833,37,43,36
424,321,4,3,2857,3,1836,22,51,21
425,322,3,7,2009,3,1984,24,52,21
426,322,4,7,2426,3,1452,17,52,15
427,323,1,1,253,1,2545,32,65,30
428,324,1,1,254,1,1844,22,59,21
429,325,1,1,255,1,3437,48,53,47
430,325,2,1,256,1,2345,29,63,27
431,326,1,2,257,1,1608,19,51,18
432,327,1,1,258,1,1689,20,55,18
433,329,2,7,2010,3,1908,23,49,22
434,330,1,2,259,1,1452,17,52,15
435,331,1,1,260,1,3989,60,95,58
436,332,1,1,261,1,1293,15,54,13
437,334,1,1,262,1,1617,19,60,18
438,336,1,1,263,1,1766,21,56,20
439,337,2,1,264,1,1538,18,59,17
440,338,2,2,265,1,1291,15,52,14
441,339,1,1,266,1,949,11,44,10
442,339,3,7,2011,3,1529,18,50,17
443,340,1,1,267,1,2205,27,60,25
444,340,2,1,268,1,2205,27,60,25
445,340,3,7,2590,3,1538,18,59,17
446,341,1,2,270,1,216,3,27,2
447,341,2,1,269,1,1371,16,51,15
448,341,3,7,2012,3,1681,20,47,19
449,343,2,7,2427,3,1626,19,69,18
450,343,3,7,2013,3,1610,19,53,16
451,346,1,1,271,1,2401,30,52,28
452,346,2,1,272,1,1372,16,52,14
453,347,1,1,273,1,1536,18,57,15
454,347,2,2,274,1,1670,20,36,18
455,351,2,1,275,1,1769,21,59,20
456,351,2,1,276,1,4016,61,86,60
457,351,3,6,2792,3,1525,18,46,17
458,351,3,6,2793,3,3810,56,70,55
459,351,4,7,2591,3,1834,22,49,21
460,351,5,7,2428,3,1522,18,43,17
461,354,2,1,277,1,786,9,54,6
462,355,3,7,2592,3,1446,17,46,16
463,355,4,7,2014,3,1899,23,40,22
464,355,5,7,2015,3,1759,21,49,20
465,356,1,1,278,1,1288,15,49,14
466,356,3,7,2016,3,1911,23,52,22
467,357,2,1,279,1,1205,14,48,13
468,358,1,1,280,1,2677,34,70,33
469,360,2,8,1868,3,1741,21,31,20
470,361,2,6,2794,3,1121,13,47,12
471,362,1,1,281,1,1890,23,31,22
472,362,1,1,282,1,3286,45,52,44
473,362,2,7,2017,3,1984,24,52,23
474,366,1,1,283,1,1839,22,54,21
475,367,2,1,284,1,1691,20,57,19
476,368,1,1,285,1,1769,21,59,20
477,368,2,3,2858,3,3923,59,66,58
478,368,3,8,1869,3,1766,21,56,20
479,368,4,8,1870,3,1683,20,49,19
480,369,1,1,286,1,1624,19,67,18
481,369,4,7,2018,3,1681,20,47,19
482,371,1,1,287,1,1536,18,57,17
483,371,2,1,288,1,2200,27,55,26
484,371,3,7,2019,3,1983,24,51,23
485,371,4,8,1871,3,1680,20,46,19
486,373,1,1,289,1,1206,14,49,13
487,373,2,6,2795,3,1545,18,66,17
488,373,3,7,2593,3,1909,23,50,22
489,373,4,7,2429,3,1527,18,48,17
490,374,3,7,2594,3,1911,23,52,22
491,374,4,7,2020,3,1983,24,51,23
492,376,1,1,290,1,1175,14,18,13
493,376,1,1,291,1,1768,21,58,20
494,379,3,7,2021,3,1758,21,48,20
495,379,4,7,2022,3,1911,23,52,22
496,386,2,1,292,1,1690,20,56,19
497,386,4,7,2430,3,1604,19,47,17
498,387,2,2,293,1,2053,25,49,24
499,389,1,1,294,1,955,11,50,10
500,391,1,1,295,1,778,9,46,8
501,391,3,7,2023,3,1758,21,48,19
502,391,5,7,2024,3,1835,22,50,21
503,395,1,1,296,1,1768,21,58,20
504,395,3,7,2025,3,2058,25,54,24
505,395,4,6,2595,3,1532,18,53,17
506,395,5,7,2431,3,1681,20,47,19
507,396,4,6,2596,3,1362,16,42,15
508,396,5,7,2597,3,1762,21,52,20
509,396,6,7,2026,3,1524,18,45,15
510,400,1,1,297,1,2066,25,62,24
511,400,2,2,298,1,1678,20,44,19
512,400,2,2,299,1,4456,77,86,76
513,401,1,3,2929,3,2715,35,46,34
514,401,3,7,2027,3,2057,25,53,24
515,401,5,7,2028,3,1760,21,50,20
516,404,2,2,300,1,2412,30,63,29
517,405,1,2,301,1,2318,29,36,28
518,405,2,2,302,1,2043,25,39,24
519,405,2,2,303,1,3705,53,91,52
520,405,4,7,2432,3,1982,24,50,23
521,409,1,1,304,1,1537,18,58,17
522,409,2,1,305,1,1596,19,39,18
523,409,2,1,306,1,3134,42,59,41
524,409,4,7,2598,3,1836,22,51,20
525,409,5,7,2029,3,1907,23,48,22
526,412,3,3,2901,3,1835,22,50,21
527,414,1,1,307,1,1937,23,78,22
528,414,2,1,308,1,1603,19,46,18
529,414,3,3,2930,3,2060,25,56,21
530,415,2,6,2796,3,1527,18,48,17
531,415,3,7,2599,3,1608,19,51,18
532,419,3,7,2030,3,1683,20,49,19
533,419,4,7,2031,3,1682,20,48,19
534,420,1,2,309,1,2156,26,81,24
535,420,2,6,2600,3,1605,19,48,18
536,420,2,6,2601,3,3679,53,65,52
537,420,3,7,2032,3,1835,22,50,20
538,420,6,7,2602,3,1690,20,56,19
539,429,2,7,2603,3,1758,21,48,20
540,429,3,7,2033,3,1759,21,49,18
541,429,4,8,1872,3,1772,21,62,20
542,430,1,1,310,1,1841,22,56,21
543,430,3,6,2604,3,1606,19,49,18
544,430,4,7,2605,3,1605,19,48,18
545,432,1,1,311,1,1752,21,42,20
546,432,2,1,312,1,1886,23,27,22
547,432,3,1,313,1,1686,20,52,19
548,432,4,6,2797,3,1526,18,47,17
549,432,5,7,2034,3,1760,21,50,20
550,433,1,1,314,1,3097,41,77,40
551,439,1,1,315,1,1686,20,52,19
552,439,3,6,2606,3,1591,19,34,18
553,439,4,7,2433,3,1689,20,55,19
554,440,1,1,316,1,1530,18,51,16
555,441,1,1,317,1,3079,41,59,39
556,442,1,1,318,1,3420,47,85,46
557,443,1,1,319,1,2200,27,55,26
558,444,2,7,2035,3,1760,21,50,20
559,445,1,1,320,1,2065,25,61,21
560,445,2,1,321,1,1815,22,30,20
561,447,2,7,2434,3,1689,20,55,19
562,447,3,7,2036,3,1683,20,49,19
563,448,2,1,322,1,1843,22,58,21
564,448,3,7,2037,3,1924,23,65,22
565,449,1,1,323,1,1692,20,58,19
566,449,2,7,2038,3,1762,21,52,20
567,450,1,2,324,1,4009,61,79,58
568,450,2,7,2039,3,1984,24,52,23
569,450,3,7,2040,3,1910,23,51,22
570,450,4,8,1873,3,1894,23,35,22
571,451,2,1,325,1,1842,22,57,21
572,452,1,1,326,1,1454,17,54,16
573,452,2,7,2041,3,1760,21,50,20
574,452,3,7,2042,3,1758,21,48,20
575,453,1,3,2859,3,1565,18,86,17
576,453,2,2,327,1,2064,25,60,24
577,455,1,1,328,1,1604,19,47,18
578,456,2,1,329,1,3957,60,63,59
579,457,2,2,330,1,1827,22,42,19
580,458,2,1,331,1,2547,32,67,31
581,459,1,1,332,1,1457,17,57,16
582,460,1,2,333,1,1760,21,50,19
583,460,2,7,2607,3,1373,16,53,15
584,460,3,7,2043,3,1837,22,52,21
585,461,2,2,334,1,2132,26,57,24
586,462,2,6,2608,3,1609,19,52,18
587,463,1,1,335,1,1294,15,55,14
588,466,2,1,336,1,2142,26,67,24
589,468,1,2,337,1,2346,29,64,27
590,471,1,1,338,1,2060,25,56,24
591,471,2,1,339,1,1766,21,56,20
592,471,3,7,2435,3,2056,25,52,24
593,471,4,7,2044,3,1985,24,53,23
594,471,5,7,2045,3,1991,24,59,23
595,472,1,1,340,1,1533,18,54,17
596,472,2,7,2046,3,1900,23,41,22
597,475,2,6,2609,3,1834,22,49,21
598,475,3,7,2047,3,1684,20,50,19
599,476,1,1,341,1,1919,23,60,20
600,476,2,1,342,1,1451,17,51,16
601,476,3,1,343,1,1840,22,55,20
602,476,4,6,2798,3,1607,19,50,18
603,476,5,7,2048,3,1757,21,47,18
604,476,6,8,1874,3,1458,17,58,15
605,477,3,6,2610,3,1523,18,44,16
606,477,4,7,2049,3,1682,20,48,19
607,477,6,6,2611,3,1982,24,50,23
608,479,3,6,2612,3,1605,19,48,18
609,479,4,6,2613,3,1604,19,47,18
610,479,5,7,2050,3,1912,23,53,22
611,480,1,2,345,1,1831,22,46,21
612,480,2,1,344,1,2476,31,61,30
613,480,4,6,2614,3,1472,17,72,16
614,480,5,6,2615,3,1447,17,47,16
615,481,1,2,347,1,2318,29,36,28
616,481,1,2,348,1,3875,57,95,56
617,481,2,1,346,1,1031,12,41,11
618,481,3,7,2051,3,1681,20,47,19
619,481,4,7,2052,3,1535,18,56,17
620,481,5,7,2053,3,1832,22,47,21
621,482,2,2,349,1,3809,56,69,55
622,483,1,1,350,1,2613,33,69,31
623,483,2,1,351,1,2133,26,58,25
624,484,3,7,2616,3,1605,19,48,18
625,484,4,7,2054,3,1759,21,49,20
626,485,1,1,352,1,1976,24,44,23
627,486,1,1,353,1,2471,31,56,30
628,487,1,1,354,1,3211,43,82,39
629,488,2,1,355,1,1455,17,55,16
630,488,3,8,1875,3,1605,19,48,17
631,489,1,2,357,1,1986,24,54,21
632,489,2,1,356,1,525,6,60,3
633,489,3,7,2436,3,1681,20,47,19
634,489,4,7,2055,3,1287,15,48,14
635,489,5,7,2056,3,1760,21,50,20
636,491,1,1,358,1,1838,22,53,19
637,491,3,7,2437,3,1682,20,48,19
638,491,4,7,2057,3,1845,22,60,19
639,491,5,7,2058,3,1686,20,52,19
640,493,3,7,2617,3,1605,19,48,18
641,494,1,1,359,1,1534,18,55,17
642,497,1,1,360,1,2054,25,50,24
643,497,2,7,2059,3,2131,26,56,25
644,498,1,1,361,1,2913,38,64,35
645,498,2,1,362,1,3078,41,58,40
646,498,3,3,2860,3,1694,20,60,18
647,498,4,7,2618,3,1840,22,55,21
648,499,3,7,2060,3,1681,20,47,19
649,499,4,7,2061,3,1835,22,50,21
650,501,1,1,363,1,1532,18,53,16
651,501,2,2,364,1,2068,25,64,24
652,501,3,7,2062,3,1605,19,48,18
653,501,4,7,2063,3,1604,19,47,18
654,503,2,1,365,1,1453,17,53,16
655,504,2,1,366,1,2124,26,49,25
656,504,2,1,367,1,3716,54,59,53
657,504,3,8,1876,3,1912,23,53,22
658,508,2,1,368,1,1766,21,56,20
659,508,3,8,1877,3,1907,23,48,22
660,510,1,1,369,1,1035,12,45,11
661,510,2,3,2931,3,3895,58,76,56
662,510,3,7,2619,3,1530,18,51,17
663,510,4,7,2064,3,2056,25,52,24
664,516,1,1,370,1,1456,17,56,16
665,518,1,1,371,1,1371,16,51,15
666,520,1,1,372,1,1611,19,54,18
667,520,2,1,373,1,1611,19,54,18
668,520,4,7,2438,3,1684,20,50,19
669,520,5,7,2065,3,1984,24,52,23
670,521,1,1,374,1,1985,24,53,23
671,522,1,1,375,1,1451,17,51,16
672,522,2,1,376,1,1918,23,59,22
673,522,3,3,2902,3,3233,44,51,43
674,523,4,6,2620,3,3071,41,51,40
675,523,4,6,2621,3,3852,57,72,56
676,523,5,7,2622,3,1374,16,54,15
677,523,6,7,2066,3,1683,20,49,19
678,525,2,1,377,1,1841,22,56,20
679,525,3,7,2623,3,1445,17,45,16
680,525,4,7,2067,3,1530,18,51,17
681,525,5,7,2068,3,1759,21,49,20
682,527,1,1,378,1,1698,20,64,18
683,528,1,1,379,1,1685,20,51,19
684,528,3,1,380,1,1841,22,56,20
685,528,4,1,381,1,1765,21,55,20
686,528,5,7,2439,3,1457,17,57,16
687,528,6,7,2069,3,1376,16,56,11
688,529,1,1,382,1,3039,40,75,39
689,530,1,2,383,1,4171,66,76,65
690,531,1,1,384,1,1536,18,57,17
691,533,1,1,385,1,1452,17,52,16
692,534,1,1,386,1,2060,25,56,24
693,534,2,2,387,1,1826,22,41,21
694,534,3,7,2070,3,1684,20,50,19
695,534,4,7,2071,3,1759,21,49,20
696,535,1,1,388,1,1690,20,56,19
697,535,2,1,389,1,1811,22,26,21
698,535,2,1,390,1,2415,30,66,29
699,535,4,1,391,1,4039,62,74,61
700,535,5,7,2624,3,1981,24,49,23
701,536,2,1,392,1,1612,19,55,18
702,536,4,7,2072,3,1759,21,49,20
703,536,5,1,393,1,1912,23,53,22
704,537,1,2,394,1,2075,25,71,24
705,537,2,2,395,1,2202,27,57,26
706,537,3,2,396,1,2058,25,54,24
707,537,4,6,2625,3,1677,20,43,19
708,537,5,7,2440,3,1683,20,49,19
709,539,1,3,2948,3,2584,33,40,32
710,540,1,1,397,1,1763,21,53,20
711,541,1,1,398,1,2343,29,61,28
712,541,2,2,399,1,2415,30,66,29
713,541,3,7,2073,3,1683,20,49,19
714,542,2,1,400,1,2722,35,53,34
715,543,1,1,401,1,1920,23,61,22
716,543,3,7,2074,3,1759,21,49,20
717,544,1,1,402,1,2417,30,68,29
718,544,3,6,2626,3,1603,19,46,18
719,546,1,1,403,1,1611,19,54,18
720,546,2,1,404,1,1985,24,53,23
721,546,2,1,405,1,3831,56,91,55
722,546,3,6,2799,3,1606,19,49,18
723,546,4,7,2627,3,1583,19,26,18
724,547,1,1,406,1,1458,17,58,15
725,547,2,2,407,1,2343,29,61,28
726,547,3,6,2628,3,1759,21,49,20
727,548,1,1,408,1,1681,20,47,19
728,548,2,7,2441,3,1606,19,49,18
729,548,3,1,409,1,1136,13,62,12
730,548,4,1,410,1,2141,26,66,25
731,549,1,1,411,1,1771,21,61,20
732,549,2,2,412,1,1800,21,90,20
733,549,3,6,2800,3,1679,20,45,19
734,549,4,7,2442,3,1526,18,47,17
735,550,1,1,413,1,2268,28,54,26
736,550,1,1,414,1,3987,60,93,58
737,550,2,1,415,1,1849,22,64,20
738,550,3,7,2075,3,1909,23,50,22
739,551,1,1,416,1,1455,17,55,16
740,551,2,1,417,1,1734,21,24,20
741,551,2,1,418,1,2652,34,45,33
742,551,3,8,1878,3,1911,23,52,22
743,552,1,1,419,1,1608,19,51,18
744,552,2,1,420,1,1726,20,92,19
745,552,3,8,1879,3,1593,19,36,18
746,553,1,1,421,1,1918,23,59,22
747,553,2,7,2076,3,1674,20,40,17
748,553,3,2,422,1,1990,24,58,22
749,554,1,1,423,1,1536,18,57,17
750,554,3,6,2629,3,1682,20,48,19
751,558,1,1,424,1,1843,22,58,19
752,558,2,1,425,1,2250,28,36,27
753,558,3,1,426,1,1695,20,61,19
754,558,4,2,427,1,2067,25,63,23
755,564,1,1,428,1,2205,27,60,26
756,564,2,2,429,1,1579,19,22,18
757,564,2,2,430,1,2329,29,47,28
758,568,1,1,431,1,1613,19,56,18
759,568,4,7,2443,3,1201,14,44,13
760,569,4,7,2444,3,1833,22,48,21
761,570,1,1,432,1,2541,32,61,28
762,570,2,1,433,1,3390,47,55,46
763,570,3,6,2801,1,2062,25,58,24
764,570,3,6,2802,3,4073,63,74,62
765,570,4,7,2077,3,1909,23,50,21
766,572,1,1,434,1,1387,16,67,13
767,573,1,1,435,1,1365,16,45,15
768,573,2,1,436,1,1997,24,65,23
769,573,3,7,2445,3,1833,22,48,21
770,573,4,7,2078,3,1682,20,48,19
771,576,1,1,437,1,2707,35,38,34
772,577,2,1,438,1,1611,19,54,17
773,578,1,1,439,1,3849,57,69,53
774,578,2,1,440,1,3443,48,59,47
775,578,3,2,442,1,2207,27,62,25
776,578,4,1,441,1,1692,20,58,19
777,583,1,1,443,1,1294,15,55,14
778,583,2,1,444,1,2538,32,58,31
779,592,1,1,445,1,2198,27,53,26
780,592,2,7,2079,3,1608,19,51,18
781,592,3,7,2080,3,2055,25,51,24
782,592,4,7,2081,3,1683,20,49,18
783,593,1,1,446,1,1767,21,57,20
784,595,1,1,447,1,2576,32,96,31
785,595,3,7,2082,3,1983,24,51,20
786,595,4,7,2446,3,1446,17,46,16
787,597,1,1,448,1,2745,35,76,34
788,597,2,2,449,1,2465,31,50,30
789,597,3,7,2083,3,3019,40,55,38
790,597,4,7,2084,3,1907,23,48,22
791,599,2,3,2861,3,1817,22,32,21
792,600,1,1,450,1,2414,30,65,29
793,600,2,1,451,1,3786,55,87,51
794,600,4,7,2085,3,1909,23,50,22
795,602,1,1,452,1,2206,27,61,26
796,602,2,8,1880,3,2071,25,67,24
797,603,1,1,453,1,1502,18,23,17
798,603,3,3,2903,3,2108,26,33,24
799,603,4,1,454,1,1605,19,48,18
800,603,5,7,2630,3,1760,21,50,20
801,604,1,2,455,1,1201,14,44,13
802,606,1,1,456,1,1617,19,60,18
803,606,2,2,457,1,1828,22,43,21
804,606,2,2,458,1,3416,47,81,46
805,606,3,7,2086,3,1687,20,53,19
806,606,4,7,2087,3,1605,19,48,18
807,607,1,1,459,1,1454,17,54,16
808,607,3,1,460,1,1468,17,68,16
809,607,4,6,2631,3,1752,21,42,20
810,609,1,1,461,1,3036,40,72,39
811,609,2,1,462,1,1372,16,52,15
812,611,1,1,463,1,2329,29,47,28
813,611,2,1,464,1,3396,47,61,44
814,615,1,1,465,1,1455,17,55,16
815,615,2,7,2632,3,1526,18,47,17
816,617,1,1,466,1,2413,30,64,28
817,617,2,1,467,1,2135,26,60,25
818,618,1,1,468,1,1598,19,41,18
819,618,1,1,469,1,3313,45,79,44
820,618,3,6,2633,3,1449,17,49,16
821,618,4,7,2634,3,1606,19,49,18
822,618,5,7,2447,3,1759,21,49,19
823,618,6,7,2088,3,1684,20,50,19
824,618,7,7,2089,3,1684,20,50,19
825,619,2,1,470,1,2135,26,60,23
826,621,4,1,471,1,2900,38,51,37
827,621,5,1,472,1,2482,31,67,30
828,621,6,1,473,1,2802,36,72,34
829,621,7,7,2635,3,1754,21,44,20
830,621,8,7,2448,3,1530,18,51,17
831,623,2,1,474,1,1765,21,55,20
832,624,1,1,475,1,1203,14,46,13
833,624,2,1,476,1,1121,13,47,11
834,624,3,7,2090,3,1984,24,52,23
835,624,4,2,477,1,1967,24,35,23
836,624,4,2,478,1,3183,43,54,42
837,627,1,1,479,1,1037,12,47,10
838,627,2,1,480,1,2140,26,65,25
839,629,1,1,481,1,1295,15,56,14
840,629,2,1,482,1,1534,18,55,17
841,630,2,1,483,1,1688,20,54,19
842,633,2,1,484,1,1536,18,57,17
843,634,1,1,485,1,3315,45,81,44
844,634,2,1,486,1,1612,19,55,18
845,636,1,1,487,1,952,11,47,9
846,639,2,7,2449,3,1532,18,53,17
847,639,3,1,488,1,2061,25,57,24
848,639,4,1,489,1,1453,17,53,16
849,641,2,1,490,1,1766,21,56,18
850,641,3,6,2803,3,1683,20,49,19
851,641,6,8,1881,3,1537,18,58,17
852,641,7,7,2091,3,1834,22,49,20
853,642,1,1,491,1,1613,19,56,18
854,642,3,6,2804,3,1604,19,47,18
855,642,3,6,2805,3,3676,53,62,52
856,642,4,7,2450,3,1768,21,58,20
857,643,1,1,492,1,1689,20,55,19
858,647,4,6,2806,3,1528,18,49,17
859,651,1,1,493,1,3736,54,79,52
860,651,3,7,2451,3,1536,18,57,17
861,651,4,7,2092,3,1981,24,49,23
862,651,5,7,2093,3,1607,19,50,18
863,652,2,2,494,1,1380,16,60,15
864,652,5,2,495,1,1596,19,39,18
865,652,5,2,496,1,3627,52,57,51
866,653,1,1,497,1,1527,18,48,17
867,654,1,1,498,1,2051,25,47,24
868,655,2,3,2862,3,2247,28,33,27
869,655,3,6,2807,3,1982,24,50,23
870,655,4,7,2094,3,1760,21,50,20
871,658,1,1,499,1,3093,41,73,39
872,658,2,1,500,1,1770,21,60,20
873,658,3,7,2452,3,1531,18,52,17
874,658,4,7,2095,3,1983,24,51,23
875,659,2,2,501,1,1687,20,53,19
876,659,4,7,2636,3,1366,16,46,15
877,660,3,7,2096,3,1604,19,47,17
878,660,4,7,2097,3,1910,23,51,22
879,660,5,8,1882,3,1538,18,59,17
880,661,2,1,502,1,510,6,45,4
881,661,3,1,503,1,1765,21,55,20
882,661,3,1,504,3,3924,59,67,58
883,662,1,1,505,1,2403,30,54,29
884,662,3,7,2098,3,1604,19,47,18
885,662,4,7,2099,3,2055,25,51,24
886,662,5,8,1883,3,1764,21,54,20
887,663,1,1,506,1,3451,48,67,44
888,663,3,7,2453,3,1604,19,47,17
889,664,2,2,507,1,2418,30,69,29
890,665,1,1,508,1,2178,27,33,26
891,665,2,1,509,1,1451,17,51,16
892,665,4,7,2100,3,1836,22,51,21
893,665,5,7,2101,3,1980,24,48,23
894,666,5,1,510,1,1454,17,54,16
895,666,6,7,2637,3,1444,17,44,16
896,667,2,1,511,1,1454,17,54,16
897,667,3,7,2102,3,1835,22,50,20
898,667,4,8,1884,3,1842,22,57,21
899,667,7,7,2454,3,1451,17,51,16
900,668,1,2,513,1,1688,20,54,19
901,668,2,1,512,1,1763,21,53,20
902,668,3,7,2638,3,1682,20,48,19
903,668,4,7,2103,3,1911,23,52,22
904,668,5,7,2104,3,3180,43,51,42
905,669,1,1,514,1,1213,14,56,13
906,669,3,7,2105,3,1758,21,48,20
907,669,4,7,2106,3,1987,24,55,23
908,669,5,7,2107,3,1760,21,50,20
909,669,6,8,1885,3,1679,20,45,19
910,669,7,8,1886,3,3122,42,47,41
911,670,1,1,515,1,1464,17,64,16
912,670,2,2,516,1,2863,37,73,36
913,671,2,2,517,1,1886,23,27,22
914,671,2,2,518,1,3596,51,71,50
915,674,1,1,519,1,1766,21,56,20
916,674,3,2,520,1,1295,15,56,14
917,674,5,6,2808,3,1688,20,54,19
918,674,6,6,2639,3,1528,18,49,17
919,674,7,7,2640,3,1983,24,51,23
920,674,8,7,2455,3,1683,20,49,19
921,675,1,1,521,1,1614,19,57,18
922,675,3,6,2641,3,1757,21,47,20
923,675,4,7,2456,3,1909,23,50,22
924,675,5,7,2108,3,1975,24,43,23
925,675,6,7,2109,3,1910,23,51,19
926,675,7,7,2110,3,1605,19,48,18
927,675,8,1,522,1,1737,21,27,20
928,675,8,1,523,1,2924,38,75,37
929,676,1,1,524,1,2652,34,45,33
930,676,2,2,525,1,1365,16,45,15
931,676,3,7,2457,3,1833,22,48,21
932,676,4,7,2111,3,1908,23,49,22
933,676,5,7,2112,3,2058,25,54,23
934,676,6,7,2113,3,1604,19,47,18
935,678,3,6,2642,3,1443,17,43,16
936,678,4,7,2114,3,1986,24,54,23
937,678,6,6,2643,3,1682,20,48,19
938,679,2,1,526,1,1993,24,61,23
939,679,3,6,2644,3,1607,19,50,18
940,679,4,7,2458,3,1526,18,47,17
941,679,5,1,527,1,1678,20,44,19
942,680,2,1,528,1,1526,18,47,16
943,680,3,8,1887,3,1538,18,59,17
944,680,4,7,2115,3,1447,17,47,15
945,680,5,7,2116,3,1836,22,51,21
946,680,6,7,2117,3,1981,24,49,23
947,681,1,2,530,1,1853,22,68,21
948,681,2,1,529,1,2199,27,54,24
949,681,3,6,2809,1,1680,20,46,19
950,681,3,6,2810,3,4100,64,68,63
951,681,4,7,2645,3,1909,23,50,22
952,681,5,7,2118,3,1909,23,50,22
953,681,6,7,2119,3,1528,18,49,17
954,682,2,6,2646,3,1451,17,51,16
955,682,4,1,531,1,1135,13,61,11
956,682,5,3,2932,3,4036,62,71,61
957,683,1,1,532,1,1450,17,50,16
958,683,2,1,533,1,1689,20,55,19
959,683,4,7,2120,3,1681,20,47,19
960,683,5,7,2121,3,1835,22,50,21
961,683,6,7,2122,3,1759,21,49,20
962,684,1,1,534,1,2347,29,65,28
963,686,1,1,535,1,1845,22,60,21
964,686,2,1,536,1,2137,26,62,24
965,686,3,1,537,1,1998,24,66,22
966,687,1,1,538,1,1206,14,49,13
967,687,2,1,539,1,2730,35,61,32
968,687,3,2,540,1,1919,23,60,22
969,687,4,7,2459,3,1757,21,47,19
970,687,5,7,2123,3,1531,18,52,17
971,688,1,1,541,1,2614,33,70,31
972,688,2,1,542,1,1375,16,55,15
973,688,3,2,543,3,1423,17,23,15
974,688,3,2,544,1,2247,28,33,27
975,688,5,7,2460,3,1523,18,44,17
976,689,1,1,545,1,1692,20,58,19
977,689,3,7,2124,3,1759,21,49,20
978,689,5,7,2125,3,1909,23,50,22
979,690,1,1,546,1,1286,15,47,13
980,690,3,7,2126,3,1911,23,52,22
981,690,5,7,2461,3,1682,20,48,19
982,691,1,1,547,1,1534,18,55,17
983,691,3,6,2647,3,1911,23,52,21
984,691,4,7,2648,3,1605,19,48,18
985,691,5,7,2127,3,1676,20,42,19
986,692,1,1,548,1,2211,27,66,25
987,692,2,1,549,1,1845,22,60,21
988,692,3,7,2128,3,1834,22,49,20
989,692,4,8,1888,3,1765,21,55,20
990,693,2,7,2649,3,1532,18,53,17
991,693,3,7,2129,3,1985,24,53,23
992,693,4,7,2130,3,1760,21,50,20
993,693,5,7,2131,3,1682,20,48,18
994,694,1,1,550,1,1691,20,57,19
995,694,2,1,551,1,2203,27,58,26
996,694,3,1,552,1,1459,17,59,16
997,694,4,6,2811,3,1607,19,50,18
998,698,2,6,2650,3,1447,17,47,16
999,698,3,7,2132,3,1911,23,52,22
1000,699,1,1,553,1,2603,33,59,32
1001,700,1,1,554,1,1614,19,57,16
1002,702,1,1,555,1,1611,19,54,18
1003,702,1,1,556,1,4298,70,89,69
1004,703,1,1,557,1,1844,22,59,21
1005,704,2,1,558,1,1770,21,60,20
1006,705,2,2,559,1,1610,19,53,18
1007,707,2,2,560,1,2189,27,44,26
1008,708,1,1,561,1,1378,16,58,15
1009,708,2,1,562,1,1992,24,60,22
1010,708,2,1,563,1,4601,86,96,84
1011,708,3,7,2133,3,1526,18,47,17
1012,708,4,7,2134,3,1912,23,53,22
1013,710,1,1,564,1,1912,23,53,22
1014,710,2,1,565,1,2131,26,56,25
1015,711,1,1,566,1,1914,23,55,22
1016,712,1,1,567,1,2349,29,67,28
1017,712,1,1,568,1,4266,69,84,68
1018,712,3,1,569,1,1616,19,59,18
1019,712,4,6,2651,3,2266,28,52,27
1020,713,2,7,2462,3,1518,18,39,17
1021,715,1,2,570,1,2279,28,65,27
1022,715,1,2,571,1,4533,81,93,80
1023,715,3,7,2135,3,2338,29,56,28
1024,715,4,7,2136,3,1834,22,49,21
1025,716,2,1,572,1,1915,23,56,22
1026,717,1,1,573,1,3365,46,80,45
1027,718,2,1,574,1,2344,29,62,28
1028,718,3,7,2652,3,1366,16,46,15
1029,723,1,1,575,1,2134,26,59,24
1030,725,1,1,576,1,2482,31,67,30
1031,725,2,1,577,1,1765,21,55,20
1032,728,1,1,578,1,601,7,46,6
1033,728,2,2,579,1,1961,24,29,23
1034,728,2,2,580,1,3857,57,77,56
1035,729,2,1,581,1,2675,34,68,32
1036,729,3,3,2863,3,2492,31,77,29
1037,730,1,1,582,1,1039,12,49,11
1038,730,4,8,1889,3,2059,25,55,24
1039,731,2,1,583,1,1678,20,44,19
1040,733,1,1,584,1,1641,19,84,17
1041,733,3,3,2864,3,2833,37,43,35
1042,734,2,1,585,1,1980,24,48,23
1043,736,1,1,586,1,1616,19,59,18
1044,738,1,1,587,1,1535,18,56,17
1045,738,2,1,588,1,1529,18,50,17
1046,741,1,2,589,1,2326,29,44,27
1047,742,1,1,590,1,3194,43,65,42
1048,742,2,3,2949,3,3846,57,66,55
1049,742,3,7,2137,3,1907,23,48,22
1050,742,4,6,2812,3,1604,19,47,18
1051,743,2,1,591,1,1380,16,60,15
1052,744,1,1,592,1,2253,28,39,27
1053,744,2,1,593,1,1695,20,61,19
1054,744,3,7,2138,3,1758,21,48,20
1055,744,4,8,1890,3,1537,18,58,17
1056,745,1,1,594,1,2851,37,61,35
1057,746,1,1,595,1,1612,19,55,18
1058,747,1,1,596,1,2133,26,58,24
1059,747,2,1,597,1,1448,17,48,16
1060,748,1,1,598,1,1614,19,57,17
1061,748,2,1,599,1,3216,43,87,42
1062,750,1,1,600,1,1386,16,66,15
1063,750,2,1,601,1,2539,32,59,30
1064,750,3,2,602,1,1777,21,67,20
1065,751,1,1,603,1,2139,26,64,25
1066,752,1,1,604,1,2065,25,61,24
1067,752,2,1,605,1,1844,22,59,21
1068,752,3,6,2653,3,1363,16,43,15
1069,753,3,7,2463,3,1530,18,51,15
1070,754,1,1,606,1,1842,22,57,21
1071,755,1,1,607,1,3478,48,94,46
1072,755,2,1,608,1,2139,26,64,25
1073,757,1,1,609,1,1534,18,55,17
1074,757,2,1,610,1,1129,13,55,12
1075,757,3,2,611,3,1659,20,25,18
1076,757,3,2,612,1,2347,29,65,28
1077,758,1,1,613,1,2845,37,55,35
1078,758,2,1,614,1,1589,19,32,18
1079,758,3,1,615,1,1373,16,53,15
1080,759,1,2,616,1,1969,24,37,23
1081,759,1,2,617,1,3354,46,69,45
1082,759,2,7,2464,3,1526,18,47,17
1083,762,2,2,618,1,2204,27,59,25
1084,764,2,1,619,1,1754,21,44,20
1085,764,2,1,620,1,3447,48,63,47
1086,764,3,7,2139,3,1681,20,47,19
1087,764,4,7,2140,3,1604,19,47,18
1088,765,2,1,621,1,3487,49,55,46
1089,765,4,3,2904,1,1616,19,59,17
1090,765,4,3,2905,1,4140,65,76,63
1091,766,1,1,622,1,775,9,43,8
1092,766,1,1,623,1,4054,62,89,61
1093,768,1,1,624,1,2063,25,59,24
1094,768,2,2,625,1,1678,20,44,19
1095,768,2,2,626,1,4024,61,94,60
1096,770,2,1,627,1,1445,17,45,16
1097,771,1,1,628,1,1910,23,51,22
1098,771,2,1,629,1,1740,21,30,19
1099,771,3,7,2141,3,2052,25,48,24
1100,771,4,7,2142,3,1983,24,51,23
1101,772,1,1,630,1,1910,23,51,22
1102,772,2,6,2813,3,1443,17,43,16
1103,772,2,6,2814,1,3582,51,57,49
1104,772,3,7,2654,3,1675,20,41,19
1105,773,1,1,631,1,1457,17,57,15
1106,773,2,1,632,1,954,11,49,10
1107,773,4,7,2143,3,1912,23,53,22
1108,776,1,1,633,1,1429,17,29,15
1109,776,1,1,634,1,3894,58,75,56
1110,776,2,1,635,1,3151,42,76,39
1111,778,1,1,636,1,1984,24,52,23
1112,780,1,1,637,1,1767,21,57,19
1113,780,2,1,638,3,1889,23,30,18
1114,780,2,1,639,1,3772,55,73,54
1115,782,1,1,640,1,2054,25,50,24
1116,782,2,1,641,1,1460,17,60,14
1117,786,1,1,642,1,1660,20,26,19
1118,786,1,1,643,1,2251,28,37,27
1119,786,2,2,644,1,1505,18,26,17
1120,786,2,2,645,1,3609,51,84,50
1121,787,2,1,646,1,2206,27,61,24
1122,787,2,1,647,1,4354,72,94,70
1123,788,1,2,648,1,2205,27,60,26
1124,789,2,2,649,1,1439,17,39,16
1125,789,2,2,650,1,3203,43,74,42
1126,791,2,1,651,1,1378,16,58,15
1127,795,3,6,2815,3,1684,20,50,19
1128,796,1,1,652,1,2134,26,59,25
1129,796,2,1,653,1,1535,18,56,16
1130,798,1,1,654,1,2132,26,57,25
1131,798,2,1,655,1,1689,20,55,19
1132,798,2,1,656,1,3912,58,93,57
1133,798,3,3,2865,3,2674,34,67,32
1134,800,1,2,657,1,2115,26,40,25
1135,801,1,1,658,1,1610,19,53,18
1136,801,2,7,2144,3,3144,42,69,41
1137,801,3,8,1891,3,1741,21,31,20
1138,803,1,1,659,1,1991,24,59,23
1139,803,2,1,660,1,1689,20,55,19
1140,803,3,2,661,1,2066,25,62,22
1141,803,4,6,2655,3,1683,20,49,19
1142,804,2,1,662,1,1773,21,63,19
1143,804,3,7,2656,3,1528,18,49,17
1144,804,4,7,2145,3,1681,20,47,19
1145,805,1,1,663,1,2313,29,31,28
1146,806,1,1,664,1,1614,19,57,18
1147,806,2,1,665,1,1455,17,55,16
1148,806,3,7,2465,3,1525,18,46,15
1149,806,4,7,2146,3,2058,25,54,24
1150,806,5,7,2147,3,1682,20,48,19
1151,807,1,1,666,1,2671,34,64,31
1152,807,2,1,667,1,1287,15,48,14
1153,807,3,7,2148,3,1689,20,55,19
1154,807,4,7,2149,3,1912,23,53,22
1155,809,1,1,668,1,3488,49,56,48
1156,810,1,1,669,1,3567,50,88,47
1157,810,2,3,2933,3,1769,21,59,20
1158,810,3,7,2150,3,1683,20,49,19
1159,810,4,8,1892,3,2958,39,51,38
1160,810,5,7,2151,3,1758,21,48,20
1161,812,1,1,670,1,1694,20,60,19
1162,812,3,2,671,1,2064,25,60,23
1163,814,1,1,672,1,1515,18,36,17
1164,814,2,1,673,1,1666,20,32,18
1165,814,3,7,2657,3,1683,20,49,19
1166,814,4,7,2466,3,1836,22,51,20
1167,814,5,7,2152,3,1974,24,42,21
1168,814,6,7,2153,3,1623,19,66,18
1169,815,1,1,674,1,2530,32,50,31
1170,817,1,2,676,1,855,10,36,9
1171,817,2,1,675,1,1453,17,53,16
1172,818,1,2,678,1,3449,48,65,47
1173,818,2,1,677,1,851,10,32,9
1174,818,3,7,2467,3,1605,19,48,18
1175,818,4,7,2154,3,1983,24,51,23
1176,819,3,7,2658,3,1760,21,50,20
1177,819,4,7,2155,3,1522,18,43,17
1178,819,5,7,2156,3,1683,20,49,18
1179,821,1,1,679,1,1122,13,48,12
1180,821,2,1,680,1,1452,17,52,16
1181,823,1,1,681,1,1373,16,53,13
1182,824,1,1,682,1,1213,14,56,13
1183,824,2,1,683,1,1357,16,37,12
1184,825,1,1,684,1,1609,19,52,16
1185,825,2,1,685,1,1444,17,44,16
1186,825,3,3,2906,3,3883,58,64,57
1187,825,3,3,2907,3,4199,67,74,66
1188,827,1,2,686,1,2204,27,59,25
1189,827,2,6,2659,3,1595,19,38,18
1190,827,3,6,2660,3,1611,19,54,18
1191,828,1,1,687,1,2547,32,67,31
1192,829,2,7,2157,3,1532,18,53,17
1193,830,1,1,688,1,1612,19,55,18
1194,830,2,7,2158,3,1836,22,51,21
1195,830,3,1,689,1,1530,18,51,17
1196,832,1,1,690,1,1700,20,66,19
1197,832,2,1,691,1,1456,17,56,16
1198,832,3,6,2816,3,1446,17,46,16
1199,833,1,1,692,1,1454,17,54,16
1200,833,2,1,693,1,1690,20,56,19
1201,833,3,1,694,1,1992,24,60,23
1202,834,2,1,695,1,2130,26,55,25
1203,834,2,1,696,1,3956,60,62,59
1204,834,3,6,2817,3,1606,19,49,18
1205,834,4,7,2159,3,1682,20,48,19
1206,834,5,7,2160,3,1683,20,49,19
1207,834,6,8,1893,3,1833,22,48,21
1208,834,7,7,2161,3,1757,21,47,20
1209,835,1,1,697,1,1855,22,70,21
1210,835,2,1,698,1,1771,21,61,20
1211,835,3,7,2162,3,1758,21,48,20
1212,836,1,1,699,1,2192,27,47,26
1213,836,2,1,700,1,2678,34,71,33
1214,836,3,1,701,1,1372,16,52,15
1215,837,1,1,702,1,1204,14,47,13
1216,837,2,1,703,1,2207,27,62,26
1217,837,3,2,704,3,1424,17,24,16
1218,837,3,2,705,1,3934,59,77,58
1219,839,3,2,706,1,2396,30,47,29
1220,839,3,2,707,1,3632,52,62,51
1221,840,1,1,708,1,1849,22,64,21
1222,840,2,3,2950,3,2337,29,55,28
1223,840,3,7,2163,3,1981,24,49,23
1224,841,1,2,709,1,2187,27,42,24
1225,841,2,7,2164,3,1983,24,51,23
1226,841,3,7,2165,3,2534,32,54,31
1227,841,4,7,2166,3,1911,23,52,22
1228,842,1,1,710,1,1530,18,51,17
1229,842,3,7,2468,3,1749,21,39,20
1230,842,4,7,2167,3,1983,24,51,23
1231,842,5,7,2168,3,1895,23,36,22
1232,843,1,2,711,1,3630,52,60,51
1233,844,2,1,712,1,2471,31,56,30
1234,845,2,1,713,1,1757,21,47,20
1235,845,3,7,2169,3,1910,23,51,22
1236,845,5,8,1894,3,1819,22,34,21
1237,846,2,1,714,1,3435,48,51,47
1238,852,1,1,715,1,1288,15,49,14
1239,856,1,2,716,1,1990,24,58,23
1240,861,1,1,717,1,1528,18,49,17
1241,861,2,3,2866,3,2408,30,59,28
1242,861,3,2,718,1,2713,35,44,34
1243,863,2,1,719,1,1847,22,62,21
1244,865,1,1,720,1,1845,22,60,21
1245,865,2,2,721,1,2063,25,59,22
1246,865,4,7,2170,3,1445,17,45,16
1247,865,5,7,2171,3,1761,21,51,20
1248,866,1,1,722,1,1689,20,55,19
1249,867,2,1,723,1,209,3,20,2
1250,872,1,1,724,1,2116,26,41,25
1251,873,2,1,725,1,1608,19,51,18
1252,873,4,6,2661,3,1534,18,55,16
1253,874,1,1,726,1,1917,23,58,22
1254,875,1,1,727,1,1371,16,51,15
1255,877,1,1,728,1,1380,16,60,15
1256,878,1,1,729,1,2142,26,67,23
1257,878,2,1,730,1,2347,29,65,25
1258,879,2,7,2172,3,1984,24,52,23
1259,880,1,1,731,1,3076,41,56,38
1260,881,1,1,732,1,1131,13,57,12
1261,883,1,1,733,1,1529,18,50,17
1262,883,1,1,734,1,3816,56,76,55
1263,883,2,2,735,1,2331,29,49,28
1264,883,4,7,2173,3,1758,21,48,18
1265,884,1,1,736,1,2346,29,64,28
1266,885,1,2,738,1,2063,25,59,24
1267,885,2,1,737,1,1530,18,51,17
1268,886,1,1,739,1,864,10,45,8
1269,889,2,1,740,1,1767,21,57,20
1270,890,1,2,741,1,1319,15,80,14
1271,892,1,1,742,1,1130,13,56,12
1272,892,2,2,743,1,1823,22,38,21
1273,892,2,2,744,1,3297,45,63,44
1274,893,1,1,745,1,2331,29,49,26
1275,893,2,1,746,1,3042,40,78,38
1276,895,2,2,747,1,1293,15,54,14
1277,896,2,6,2662,3,1533,18,54,17
1278,897,2,1,748,1,958,11,53,10
1279,898,2,3,2934,3,1758,21,48,20
1280,901,3,8,1895,3,3018,40,54,39
1281,904,1,1,749,1,1610,19,53,18
1282,905,2,1,750,1,1919,23,60,21
1283,906,3,7,2469,3,1525,18,46,17
1284,906,4,7,2174,3,1910,23,51,22
1285,907,1,1,751,1,2261,28,47,27
1286,908,2,1,752,1,1981,24,49,23
1287,908,2,1,753,1,4157,65,93,64
1288,909,2,1,754,1,1353,16,33,15
1289,910,2,1,755,1,1345,16,25,14
1290,911,1,1,756,1,1539,18,60,17
1291,911,2,6,2663,3,1683,20,49,19
1292,912,1,1,757,1,1842,22,57,21
1293,912,2,1,758,1,1688,20,54,19
1294,912,2,1,759,1,3919,59,62,58
1295,912,3,7,2664,3,1907,23,48,22
1296,912,4,8,1896,3,3079,41,59,40
1297,912,5,7,2470,3,1760,21,50,18
1298,914,1,1,760,1,2123,26,48,25
1299,915,1,1,761,1,1374,16,54,15
1300,916,2,1,762,1,2064,25,60,24
1301,919,1,1,763,1,1378,16,58,15
1302,919,2,6,2665,3,1539,18,60,17
1303,920,1,1,764,1,1687,20,53,19
1304,925,1,1,765,1,1343,16,23,15
1305,925,1,1,766,1,2260,28,46,27
1306,925,2,1,767,1,1607,19,50,18
1307,926,2,6,2666,3,1759,21,49,20
1308,929,1,1,768,1,1608,19,51,18
1309,929,2,7,2175,3,1604,19,47,18
1310,930,2,1,769,1,1612,19,55,18
1311,935,1,1,770,1,1672,20,38,19
1312,935,1,1,771,1,3944,59,87,58
1313,935,2,7,2471,3,1451,17,51,16
1314,936,1,1,772,1,1888,23,29,22
1315,937,1,1,773,1,1924,23,65,22
1316,937,2,1,774,1,2330,29,48,28
1317,937,2,1,775,1,3675,53,61,52
1318,937,3,3,2908,3,2832,37,42,36
1319,938,1,1,776,1,1840,22,55,21
1320,938,2,1,777,1,2137,26,62,24
1321,940,1,1,778,1,1373,16,53,15
1322,940,2,1,779,1,2133,26,58,25
1323,941,1,1,780,1,1454,17,54,16
1324,941,2,1,781,1,1694,20,60,19
1325,941,3,7,2176,3,1612,19,55,18
1326,941,4,7,2177,3,1905,23,46,21
1327,944,1,1,782,1,1452,17,52,16
1328,944,2,2,784,1,2469,31,54,29
1329,944,3,1,783,1,1456,17,56,16
1330,945,1,1,785,1,2483,31,68,30
1331,950,1,1,786,1,2548,32,68,31
1332,950,3,7,2178,3,1759,21,49,20
1333,950,4,7,2179,3,1909,23,50,22
1334,952,1,1,787,1,1429,17,29,16
1335,952,1,1,788,1,2836,37,46,36
1336,952,2,1,789,1,2109,26,34,25
1337,952,3,7,2180,3,2801,36,71,34
1338,952,4,7,2181,3,1759,21,49,20
1339,953,1,1,790,1,2963,39,56,38
1340,953,2,1,791,1,1909,23,50,21
1341,953,3,8,1897,3,1536,18,57,17
1342,961,2,1,792,1,516,6,51,5
1343,962,1,1,793,1,862,10,43,8
1344,962,2,1,794,1,1916,23,57,22
1345,963,1,1,795,1,3446,48,62,47
1346,963,2,1,796,1,1451,17,51,15
1347,963,3,7,2472,3,1524,18,45,15
1348,963,4,7,2182,3,1759,21,49,20
1349,964,1,1,797,1,2189,27,44,26
1350,965,1,2,799,1,1740,21,30,20
1351,965,1,2,800,1,3892,58,73,57
1352,965,2,1,798,1,1373,16,53,15
1353,965,3,7,2183,3,1758,21,48,20
1354,965,4,7,2184,3,2055,25,51,24
1355,966,1,2,802,1,1606,19,49,18
1356,966,2,1,801,1,1992,24,60,23
1357,966,4,6,2667,3,1683,20,49,18
1358,967,1,1,803,1,2276,28,62,27
1359,967,3,7,2185,3,1977,24,45,23
1360,967,4,1,804,1,3187,43,58,42
1361,968,3,1,805,1,1765,21,55,20
1362,968,4,6,2668,3,1606,19,49,17
1363,969,1,2,807,1,2140,26,65,25
1364,969,2,1,806,1,1749,21,39,20
1365,969,3,7,2669,3,1603,19,46,17
1366,969,4,7,2186,3,1758,21,48,19
1367,970,1,1,808,1,1764,21,54,20
1368,970,1,1,809,1,4048,62,83,61
1369,970,2,1,810,1,1532,18,53,17
1370,978,1,1,811,1,1984,24,52,23
1371,978,1,1,812,1,3814,56,74,55
1372,978,2,1,813,1,1372,16,52,14
1373,984,1,1,814,1,1763,21,53,19
1374,984,1,1,815,1,4026,61,96,60
1375,984,2,1,816,1,1614,19,57,18
1376,986,1,1,817,1,1363,16,43,15
1377,986,2,2,818,1,2283,28,69,27
1378,986,3,7,2187,3,1761,21,51,20
1379,986,4,8,1898,3,1982,24,50,23
1380,990,1,1,819,1,1763,21,53,20
1381,990,2,1,820,1,1505,18,26,17
1382,990,2,1,821,1,3489,49,57,48
1383,990,4,7,2188,3,1983,24,51,23
1384,991,1,1,822,1,1689,20,55,19
1385,991,2,1,823,1,1843,22,58,21
1386,991,3,8,1899,3,1458,17,58,15
1387,993,1,1,824,1,1844,22,59,21
1388,993,2,2,825,1,1830,22,45,21
1389,993,3,7,2189,3,2054,25,50,24
1390,993,4,7,2190,3,2003,24,71,23
1391,994,1,1,826,1,1618,19,61,18
1392,996,1,1,827,1,2407,30,58,29
1393,998,1,1,828,1,1409,16,89,15
1394,998,3,1,829,1,1768,21,58,20
1395,1000,1,1,830,1,1692,20,58,19
1396,1000,2,1,831,1,1915,23,56,22
1397,1000,3,6,2818,3,1908,23,49,22
1398,1000,4,7,2670,3,1604,19,47,18
1399,1000,5,7,2473,3,1758,21,48,20
1400,1001,1,1,832,1,1903,23,44,21
1401,1001,3,7,2191,3,1763,21,53,20
1402,1001,4,7,2192,3,1604,19,47,18
1403,1001,5,2,833,1,1973,24,41,22
1404,1002,1,1,834,1,1847,22,62,19
1405,1002,3,7,2193,3,1983,24,51,23
1406,1002,4,8,1900,3,1967,24,35,23
1407,1002,5,8,1901,3,1767,21,57,20
1408,1003,1,1,835,1,1618,19,61,15
1409,1003,3,7,2474,3,1526,18,47,17
1410,1003,4,7,2194,3,1681,20,47,19
1411,1003,5,7,2195,3,1835,22,50,20
1412,1004,1,1,836,1,3536,50,57,49
1413,1005,1,1,837,1,1611,19,54,18
1414,1005,3,7,2671,3,1604,19,47,18
1415,1005,4,7,2196,3,1834,22,49,21
1416,1005,5,6,2672,3,1604,19,47,18
1417,1006,2,1,838,1,1917,23,58,21
1418,1007,2,1,839,1,1534,18,55,17
1419,1007,4,7,2197,3,1681,20,47,19
1420,1007,5,7,2198,3,1985,24,53,23
1421,1008,1,1,840,1,1918,23,59,22
1422,1012,1,1,841,1,2067,25,63,21
1423,1012,2,1,842,1,2337,29,55,28
1424,1012,3,2,843,3,1660,20,26,19
1425,1012,3,2,844,1,4191,66,96,65
1426,1012,4,6,2673,3,1449,17,49,16
1427,1013,1,1,845,1,1216,14,59,13
1428,1013,2,1,846,1,1744,21,34,20
1429,1013,2,1,847,1,3079,41,59,40
1430,1013,3,2,848,1,2420,30,71,28
1431,1014,1,1,849,1,2606,33,62,31
1432,1019,1,1,850,1,1766,21,56,19
1433,1019,3,6,2819,3,1833,22,48,21
1434,1021,1,2,851,1,2113,26,38,25
1435,1022,1,1,852,1,3287,45,53,44
1436,1022,1,1,853,1,4007,61,77,60
1437,1022,2,1,854,1,2068,25,64,24
1438,1022,3,3,2909,3,2452,31,37,29
1439,1024,4,7,2475,3,1683,20,49,19
1440,1026,1,2,855,1,512,6,47,5
1441,1026,2,7,2476,3,1912,23,53,22
1442,1026,3,7,2199,3,1907,23,48,20
1443,1027,2,2,856,1,1761,21,51,20
1444,1027,3,7,2674,3,1908,23,49,22
1445,1027,4,7,2200,3,1611,19,54,18
1446,1027,5,7,2201,3,1986,24,54,23
1447,1028,1,2,857,1,4459,77,89,76
1448,1028,2,2,858,1,2119,26,44,25
1449,1029,1,1,859,1,1775,21,65,19
1450,1029,2,1,860,1,1692,20,58,19
1451,1029,3,7,2202,3,1834,22,49,21
1452,1033,2,1,861,1,1690,20,56,19
1453,1034,3,7,2203,3,1681,20,47,19
1454,1036,1,1,862,1,1841,22,56,20
1455,1037,1,1,863,1,1373,16,53,14
1456,1037,2,7,2675,3,1615,19,58,18
1457,1037,3,7,2204,3,1758,21,48,20
1458,1041,3,1,864,1,1538,18,59,17
1459,1042,2,7,2477,3,1995,24,63,21
1460,1044,1,1,865,1,2532,32,52,31
1461,1044,2,1,866,1,2060,25,56,24
1462,1045,1,1,867,1,1612,19,55,17
1463,1045,2,1,868,1,1974,24,42,23
1464,1045,2,1,869,1,3342,46,57,45
1465,1046,2,1,870,1,1038,12,48,10
1466,1046,3,7,2676,3,1683,20,49,19
1467,1047,2,1,871,1,1766,21,56,20
1468,1047,3,6,2677,3,1837,22,52,20
1469,1048,1,1,872,1,2269,28,55,27
1470,1048,2,1,873,1,870,10,51,9
1471,1049,1,1,874,1,1965,24,33,23
1472,1049,2,1,875,1,1824,22,39,21
1473,1049,2,1,876,1,3293,45,59,43
1474,1049,3,8,1902,3,1454,17,54,16
1475,1050,1,2,877,1,1852,22,67,21
1476,1050,3,7,2205,3,1909,23,50,19
1477,1051,1,1,878,1,1455,17,55,15
1478,1051,2,1,879,1,3365,46,80,44
1479,1053,4,7,2206,3,1912,23,53,22
1480,1053,6,6,2678,3,1445,17,45,16
1481,1054,1,1,880,1,2620,33,76,31
1482,1054,2,2,881,1,1531,18,52,17
1483,1055,1,1,882,1,1613,19,56,16
1484,1055,2,1,883,1,1844,22,59,21
1485,1055,2,1,884,1,4239,68,85,67
1486,1055,3,7,2207,3,1683,20,49,19
1487,1056,1,1,885,1,774,9,42,7
1488,1056,2,1,886,1,1832,22,47,21
1489,1056,2,1,887,1,3834,56,94,55
1490,1057,1,3,2951,3,2207,27,62,26
1491,1057,2,7,2208,3,1909,23,50,21
1492,1057,4,1,888,1,1536,18,57,16
1493,1058,1,1,889,1,1280,15,41,12
1494,1058,3,1,890,1,1126,13,52,12
1495,1058,4,6,2679,3,1434,17,34,15
1496,1058,4,6,2680,3,3020,40,56,38
1497,1059,1,1,891,1,1840,22,55,21
1498,1059,2,1,892,1,2208,27,63,26
1499,1059,3,7,2209,3,1758,21,48,20
1500,1059,4,8,1903,3,1459,17,59,15
1501,1060,2,1,893,1,1779,21,69,20
1502,1060,3,7,2210,3,1983,24,51,22
1503,1064,1,1,894,1,2065,25,61,22
1504,1065,1,1,895,1,1366,16,46,13
1505,1066,1,1,896,1,2119,26,44,24
1506,1066,1,1,897,1,3469,48,85,46
1507,1067,2,1,898,1,1993,24,61,21
1508,1067,3,2,899,1,2734,35,65,32
1509,1067,4,2,900,1,1276,15,37,12
1510,1067,6,6,2681,3,1983,24,51,22
1511,1069,1,1,901,1,1902,23,43,22
1512,1069,1,1,902,1,3299,45,65,44
1513,1069,2,2,903,1,1736,21,26,20
1514,1069,3,3,2867,3,2058,25,54,22
1515,1069,4,3,2868,3,3012,40,48,39
1516,1069,4,3,2869,3,4229,68,75,67
1517,1070,1,1,904,1,3417,47,82,45
1518,1070,2,7,2682,3,1450,17,50,16
1519,1070,3,7,2478,3,1603,19,46,16
1520,1071,1,1,905,1,1691,20,57,17
1521,1071,2,2,907,1,1842,22,57,21
1522,1071,3,1,906,1,1718,20,84,18
1523,1072,1,1,908,1,2673,34,66,33
1524,1073,1,1,909,1,2709,35,40,32
1525,1077,1,1,910,1,1686,20,52,19
1526,1077,2,7,2211,3,1760,21,50,20
1527,1077,3,7,2212,3,3088,41,68,40
1528,1078,1,1,911,1,1473,17,73,16
1529,1078,2,2,912,1,2334,29,52,27
1530,1079,1,3,2935,3,1738,21,28,20
1531,1079,4,7,2213,3,1604,19,47,18
1532,1081,2,1,913,1,1454,17,54,15
1533,1083,1,1,914,1,1989,24,57,22
1534,1083,2,2,915,1,2195,27,50,26
1535,1084,2,1,916,1,1771,21,61,20
1536,1085,1,1,917,1,1986,24,54,23
1537,1085,2,2,918,1,1978,24,46,22
1538,1085,3,7,2214,3,1758,21,48,20
1539,1085,4,7,2215,3,1682,20,48,19
1540,1086,3,3,2936,3,3177,43,48,42
1541,1087,1,1,919,1,1495,17,95,15
1542,1087,2,7,2479,3,1604,19,47,17
1543,1087,3,7,2216,3,1685,20,51,19
1544,1088,2,1,920,1,1611,19,54,16
1545,1088,3,7,2683,3,1605,19,48,18
1546,1089,1,1,921,1,1207,14,50,12
1547,1089,2,1,922,1,2532,32,52,31
1548,1090,1,1,923,1,1767,21,57,19
1549,1090,2,7,2480,3,1214,14,57,13
1550,1090,3,7,2217,3,1526,18,47,17
1551,1090,4,8,1904,3,1459,17,59,16
1552,1091,1,1,924,1,1691,20,57,19
1553,1091,2,6,2684,3,1678,20,44,19
1554,1091,3,7,2481,3,1388,16,68,15
1555,1092,1,1,925,1,1531,18,52,17
1556,1092,3,1,926,1,2349,29,67,26
1557,1093,2,7,2685,3,1759,21,49,19
1558,1099,1,1,927,1,2278,28,64,24
1559,1099,2,1,928,1,1989,24,57,23
1560,1099,3,7,2218,3,1759,21,49,20
1561,1099,4,7,2219,3,1603,19,46,17
1562,1101,1,1,929,1,1845,22,60,21
1563,1101,2,1,930,1,1842,22,57,21
1564,1101,3,6,2686,3,1525,18,46,17
1565,1101,4,7,2482,3,1757,21,47,20
1566,1102,1,1,931,1,1914,23,55,22
1567,1102,2,1,932,1,1915,23,56,22
1568,1102,3,7,2220,3,1683,20,49,19
1569,1106,1,1,933,1,3257,44,75,42
1570,1108,1,1,934,1,1344,16,24,15
1571,1108,1,1,935,1,3403,47,68,46
1572,1109,1,1,936,1,1835,22,50,21
1573,1111,1,1,937,1,959,11,54,9
1574,1114,1,1,938,1,1619,19,62,17
1575,1116,1,1,939,1,2065,25,61,24
1576,1116,2,1,940,1,1688,20,54,19
1577,1116,2,1,941,1,3989,60,95,59
1578,1117,2,1,942,1,1695,20,61,18
1579,1117,3,6,2687,3,1503,18,24,16
1580,1117,3,6,2688,3,3122,42,47,40
1581,1118,1,1,943,1,3416,47,81,46
1582,1118,2,1,944,1,1452,17,52,15
1583,1118,3,7,2221,3,1603,19,46,18
1584,1120,1,1,945,1,1690,20,56,18
1585,1120,2,1,946,1,1844,22,59,21
1586,1120,3,6,2820,3,1526,18,47,16
1587,1120,4,6,2689,3,1527,18,48,16
1588,1120,5,6,2821,3,1613,19,56,17
1589,1125,1,1,947,1,1537,18,58,16
1590,1125,2,1,948,1,2419,30,70,29
1591,1126,1,1,949,1,3334,46,49,45
1592,1126,2,1,950,1,1615,19,58,18
1593,1127,4,1,951,1,2961,39,54,38
1594,1130,1,1,952,1,1530,18,51,17
1595,1134,2,1,953,1,1528,18,49,17
1596,1135,2,1,954,1,1852,22,67,21
1597,1136,1,2,955,1,2057,25,53,24
1598,1139,1,2,956,1,2340,29,58,28
1599,1140,1,2,958,1,1117,13,43,12
1600,1140,1,2,959,1,3332,46,47,45
1601,1140,2,1,957,1,1124,13,50,11
1602,1140,3,7,2222,3,1757,21,47,19
1603,1141,1,1,960,1,2530,32,50,29
1604,1148,4,7,2223,3,1525,18,46,17
1605,1150,1,1,961,1,1690,20,56,19
1606,1150,2,1,962,1,1752,21,42,19
1607,1150,2,1,963,1,3840,57,60,56
1608,1150,3,1,964,1,1771,21,61,20
1609,1150,4,6,2822,3,1686,20,52,18
1610,1150,5,7,2224,3,2059,25,55,23
1611,1150,6,8,1905,3,1458,17,58,16
1612,1151,1,1,965,1,786,9,54,8
1613,1151,2,1,966,1,1691,20,57,19
1614,1152,1,1,967,1,1922,23,63,22
1615,1152,3,7,2225,3,1606,19,49,18
1616,1152,4,7,2226,3,2474,31,59,30
1617,1153,3,7,2227,3,1760,21,50,19
1618,1154,1,1,968,1,1455,17,55,16
1619,1154,2,2,969,1,1829,22,44,20
1620,1155,1,1,970,1,1565,18,86,17
1621,1155,2,1,971,1,1916,23,57,22
1622,1156,1,1,972,1,2272,28,58,27
1623,1156,2,1,973,1,1385,16,65,14
1624,1160,1,1,974,1,1764,21,54,20
1625,1162,2,1,975,1,1526,18,47,17
1626,1163,1,1,976,1,1692,20,58,18
1627,1164,1,1,977,1,1689,20,55,19
1628,1164,2,1,978,1,1769,21,59,20
1629,1167,2,3,2937,3,3844,57,64,55
1630,1167,3,7,2228,3,1835,22,50,21
1631,1167,4,7,2229,3,1909,23,50,22
1632,1167,5,7,2230,3,1758,21,48,20
1633,1168,4,6,2690,3,1591,19,34,18
1634,1168,5,7,2483,3,1684,20,50,19
1635,1171,2,1,979,1,1615,19,58,18
1636,1172,2,1,980,1,2923,38,74,35
1637,1173,1,1,981,1,1452,17,52,15
1638,1173,2,1,982,1,2190,27,45,25
1639,1174,1,1,983,1,1348,16,28,15
1640,1174,1,1,984,1,2624,33,80,32
1641,1175,1,1,985,1,1601,19,44,17
1642,1175,2,1,986,1,1121,13,47,12
1643,1177,1,1,987,1,1287,15,48,14
1644,1177,1,1,988,1,4631,90,92,89
1645,1177,3,6,2691,3,1528,18,49,17
1646,1178,4,8,1906,3,1767,21,57,19
1647,1179,1,1,989,1,1377,16,57,15
1648,1181,1,1,990,1,2209,27,64,24
1649,1184,1,2,991,1,2202,27,57,26
1650,1184,2,2,992,1,1690,20,56,19
1651,1187,2,1,993,1,1035,12,45,11
1652,1187,3,7,2231,3,1604,19,47,18
1653,1188,1,1,994,1,3493,49,61,48
1654,1188,2,1,995,1,2336,29,54,28
1655,1190,1,1,996,1,1596,19,39,18
1656,1190,2,7,2232,3,1909,23,50,22
1657,1190,3,7,2233,3,1835,22,50,21
1658,1192,1,1,997,1,1371,16,51,15
1659,1192,2,7,2234,3,1603,19,46,18
1660,1195,2,2,998,1,2070,25,66,24
1661,1195,4,7,2692,3,1756,21,46,20
1662,1195,5,2,999,1,1751,21,41,20
1663,1196,1,1,1000,1,2544,32,64,30
1664,1196,2,6,2693,3,1761,21,51,20
1665,1196,3,7,2484,3,2062,25,58,24
1666,1196,4,8,1907,3,1298,15,59,13
1667,1196,5,1,1001,1,953,11,48,9
1668,1197,2,1,1002,1,1530,18,51,17
1669,1198,1,1,1003,1,1767,21,57,20
1670,1200,2,2,1004,1,2383,30,34,29
1671,1201,1,2,1005,1,2265,28,51,27
1672,1202,2,1,1006,1,1622,19,65,18
1673,1205,3,6,2823,3,1758,21,48,20
1674,1205,4,7,2235,3,1605,19,48,18
1675,1206,4,7,2694,3,1528,18,49,15
1676,1207,3,2,1007,1,1990,24,58,23
1677,1210,1,2,1008,1,3851,57,71,54
1678,1211,1,1,1009,1,2613,33,69,32
1679,1211,3,7,2236,3,1834,22,49,21
1680,1212,2,1,1010,1,516,6,51,4
1681,1212,3,7,2237,3,1909,23,50,21
1682,1213,1,1,1011,1,1460,17,60,15
1683,1214,2,1,1012,1,1258,15,19,13
1684,1214,3,7,2238,3,1604,19,47,18
1685,1216,2,1,1013,1,1601,19,44,18
1686,1216,3,7,2239,3,1681,20,47,19
1687,1218,1,1,1014,1,1767,21,57,20
1688,1219,1,2,1015,1,1593,19,36,17
1689,1221,1,1,1016,1,1687,20,53,19
1690,1222,1,1,1017,1,1845,22,60,20
1691,1222,3,8,1908,3,1968,24,36,22
1692,1223,1,1,1018,1,1684,20,50,18
1693,1224,2,1,1019,1,952,11,47,9
1694,1224,3,7,2240,3,1681,20,47,19
1695,1224,4,7,2241,3,1759,21,49,20
1696,1225,1,2,1020,1,2537,32,57,31
1697,1230,1,1,1021,1,1284,15,45,14
1698,1233,2,2,1022,1,3853,57,73,56
1699,1236,1,1,1023,1,1987,24,55,22
1700,1236,2,2,1024,1,1438,17,38,16
1701,1238,1,2,1025,1,1988,24,56,23
1702,1239,2,1,1026,1,3241,44,59,43
1703,1240,1,1,1027,1,1302,15,63,14
1704,1241,1,1,1028,1,1039,12,49,11
1705,1241,2,1,1029,1,1912,23,53,22
1706,1243,1,1,1030,1,1918,23,59,22
1707,1243,3,7,2242,3,2057,25,53,24
1708,1243,4,7,2243,3,2045,25,41,24
1709,1249,3,7,2244,3,1455,17,55,16
1710,1253,2,6,2695,3,1288,15,49,14
1711,1254,1,1,1031,1,1292,15,53,14
1712,1255,2,1,1032,1,2275,28,61,27
1713,1256,1,1,1033,1,1453,17,53,16
1714,1256,3,6,2696,3,1453,17,53,16
1715,1256,4,6,2697,3,1681,20,47,19
1716,1256,5,7,2698,3,1525,18,46,17
1717,1258,1,1,1034,1,1204,14,47,13
1718,1260,1,1,1035,1,1358,16,38,15
1719,1260,1,1,1036,1,3485,49,53,48
1720,1261,2,1,1037,1,1662,20,28,19
1721,1261,2,1,1038,1,2734,35,65,34
1722,1261,4,7,2245,3,1836,22,51,21
1723,1262,2,1,1039,1,1424,17,24,16
1724,1263,1,1,1040,1,1143,13,69,12
1725,1263,2,1,1041,1,1677,20,43,19
1726,1263,4,7,2485,3,1607,19,50,18
1727,1263,5,7,2246,3,1685,20,51,19
1728,1264,1,1,1042,1,2136,26,61,23
1729,1264,3,7,2247,3,1531,18,52,17
1730,1264,6,1,1043,1,2961,39,54,38
1731,1264,6,1,1044,1,4425,75,96,74
1732,1266,1,1,1045,1,1685,20,51,19
1733,1267,2,1,1046,1,1269,15,30,14
1734,1267,2,1,1047,1,2528,32,48,31
1735,1268,1,2,1048,1,3798,56,58,55
1736,1270,1,1,1049,1,1918,23,59,22
1737,1271,1,1,1050,1,2181,27,36,26
1738,1271,1,1,1051,1,3474,48,90,47
1739,1271,2,6,2699,3,1039,12,49,11
1740,1272,1,1,1052,1,2539,32,59,30
1741,1273,1,1,1053,1,1774,21,64,19
1742,1273,2,1,1054,1,2895,38,46,37
1743,1273,3,6,2700,3,1757,21,47,19
1744,1273,4,7,2701,3,1761,21,51,19
1745,1273,5,7,2702,3,1755,21,45,20
1746,1274,1,1,1055,1,1535,18,56,17
1747,1276,1,1,1056,1,1689,20,55,19
1748,1279,1,2,1058,1,1674,20,40,19
1749,1279,2,1,1057,1,1843,22,58,21
1750,1279,3,7,2486,3,1683,20,49,18
1751,1279,4,7,2248,3,1759,21,49,20
1752,1279,5,7,2249,3,1983,24,51,23
1753,1280,2,1,1059,1,2064,25,60,23
1754,1280,3,6,2824,3,1609,19,52,18
1755,1281,1,1,1060,1,1614,19,57,18
1756,1283,2,1,1061,1,1453,17,53,16
1757,1284,1,1,1062,1,1918,23,59,22
1758,1284,2,6,2825,3,1684,20,50,19
1759,1287,1,1,1063,1,1695,20,61,19
1760,1287,1,1,1064,1,4134,65,70,64
1761,1287,2,3,2938,3,2714,35,45,34
1762,1288,2,3,2952,3,1977,24,45,23
1763,1288,3,7,2250,3,2056,25,52,24
1764,1289,1,1,1065,1,1915,23,56,22
1765,1289,2,1,1066,1,1209,14,52,13
1766,1291,1,1,1067,1,1685,20,51,19
1767,1291,2,1,1068,1,1690,20,56,19
1768,1291,3,1,1069,1,1689,20,55,19
1769,1292,2,1,1070,1,2479,31,64,30
1770,1293,1,1,1071,1,1842,22,57,20
1771,1293,2,6,2703,3,1288,15,49,14
1772,1293,3,7,2251,3,1759,21,49,20
1773,1295,1,2,1072,1,2193,27,48,26
1774,1295,3,7,2252,3,1604,19,47,18
1775,1296,1,1,1073,1,1690,20,56,19
1776,1296,2,1,1074,1,3078,41,58,40
1777,1296,3,7,2253,3,2057,25,53,23
1778,1297,2,2,1075,1,1371,16,51,15
1779,1298,1,1,1076,1,1439,17,39,16
1780,1298,2,7,2254,3,1609,19,52,18
1781,1298,3,7,2704,3,1687,20,53,19
1782,1299,1,1,1077,1,3566,50,87,46
1783,1299,2,2,1078,1,1590,19,33,17
1784,1300,1,1,1079,1,1619,19,62,18
1785,1300,2,1,1080,1,505,6,40,4
1786,1300,3,7,2705,3,1758,21,48,20
1787,1301,2,6,2826,3,1684,20,50,19
1788,1301,3,7,2706,3,1907,23,48,22
1789,1302,1,1,1081,1,3028,40,64,39
1790,1303,2,3,2910,3,1582,19,25,18
1791,1303,2,3,2911,3,3337,46,52,45
1792,1304,1,1,1082,1,1374,16,54,15
1793,1304,1,1,1083,1,3829,56,89,55
1794,1304,2,2,1084,1,2146,26,71,25
1795,1306,2,1,1085,1,1752,21,42,19
1796,1308,1,1,1086,1,2741,35,72,33
1797,1308,2,8,1909,3,1539,18,60,17
1798,1309,1,1,1087,1,2463,31,48,29
1799,1310,1,1,1088,1,1453,17,53,14
1800,1311,1,1,1089,1,2061,25,57,24
1801,1311,2,1,1090,1,2523,32,43,31
1802,1311,3,3,2939,3,1381,16,61,15
1803,1314,1,1,1091,1,1268,15,29,14
1804,1314,2,6,2827,3,1182,14,25,13
1805,1315,2,1,1092,1,1540,18,61,17
1806,1315,3,2,1093,1,1531,18,52,16
1807,1327,1,3,2953,3,1932,23,73,21
1808,1327,3,1,1094,1,1680,20,46,19
1809,1328,2,1,1095,1,3288,45,54,42
1810,1328,3,1,1096,1,1765,21,55,20
1811,1329,1,1,1097,1,2064,25,60,23
1812,1329,2,1,1098,1,3528,49,96,48
1813,1329,3,8,1910,3,1608,19,51,18
1814,1330,1,3,2912,3,2034,25,30,24
1815,1330,1,3,2913,1,3206,43,77,42
1816,1330,3,2,1099,1,3409,47,74,46
1817,1331,1,1,1100,1,1991,24,59,23
1818,1331,2,2,1101,1,2386,30,37,29
1819,1331,3,7,2255,3,2056,25,52,24
1820,1332,1,1,1102,1,1768,21,58,19
1821,1332,2,2,1103,1,949,11,44,10
1822,1333,1,1,1104,1,1378,16,58,14
1823,1333,2,1,1105,1,1759,21,49,20
1824,1333,3,7,2256,3,1606,19,49,18
1825,1334,1,1,1106,1,2000,24,68,23
1826,1335,1,1,1107,1,1981,24,49,23
1827,1335,1,1,1108,1,3854,57,74,56
1828,1335,2,1,1109,1,1915,23,56,22
1829,1335,3,7,2257,3,1908,23,49,22
1830,1336,1,1,1110,1,431,5,57,3
1831,1336,3,1,1111,1,2134,26,59,25
1832,1337,1,1,1112,1,2062,25,58,24
1833,1337,2,2,1113,1,1691,20,57,19
1834,1337,3,7,2258,3,1604,19,47,18
1835,1338,1,1,1114,1,2262,28,48,27
1836,1338,1,1,1115,1,3596,51,71,50
1837,1338,2,1,1116,1,1617,19,60,18
1838,1338,3,7,2259,3,1682,20,48,19
1839,1340,1,1,1117,1,2406,30,57,29
1840,1340,2,1,1118,1,1530,18,51,17
1841,1340,3,1,1119,1,2035,25,31,24
1842,1341,2,1,1120,1,1920,23,61,22
1843,1346,1,1,1121,1,2788,36,58,35
1844,1347,1,1,1122,1,1910,23,51,22
1845,1347,1,1,1123,1,3939,59,82,58
1846,1347,3,7,2260,3,2068,25,64,24
1847,1349,1,1,1124,1,1289,15,50,13
1848,1349,2,1,1125,1,1538,18,59,16
1849,1349,3,6,2707,3,1761,21,51,20
1850,1350,1,1,1126,1,1767,21,57,18
1851,1350,2,1,1127,1,961,11,56,10
1852,1350,3,8,1911,3,1688,20,54,19
1853,1351,2,6,2708,3,1909,23,50,22
1854,1356,1,2,1128,1,1691,20,57,19
1855,1357,2,1,1129,1,1605,19,48,18
1856,1358,2,1,1130,1,1989,24,57,23
1857,1358,3,1,1131,1,3183,43,54,42
1858,1365,1,1,1132,1,1992,24,60,23
1859,1365,2,2,1133,1,1105,13,31,12
1860,1365,3,7,2261,3,1984,24,52,23
1861,1366,1,2,1135,1,1695,20,61,19
1862,1366,2,1,1134,1,1205,14,48,13
1863,1368,1,1,1136,1,1677,20,43,19
1864,1368,1,1,1137,1,3842,57,62,56
1865,1368,2,1,1138,1,1673,20,39,17
1866,1371,1,1,1139,1,3188,43,59,41
1867,1372,1,1,1140,1,863,10,44,6
1868,1374,1,3,2870,3,1672,20,38,19
1869,1374,3,2,1141,3,1814,22,29,18
1870,1374,3,2,1142,1,3816,56,76,55
1871,1376,1,1,1143,1,2067,25,63,22
1872,1379,1,1,1144,1,1126,13,52,11
1873,1379,3,7,2487,3,1605,19,48,18
1874,1379,4,8,1912,3,1693,20,59,19
1875,1381,1,1,1145,1,1373,16,53,14
1876,1381,2,1,1146,1,1691,20,57,19
1877,1381,3,8,1913,3,1616,19,59,18
1878,1381,4,7,2262,3,1987,24,55,22
1879,1381,5,7,2263,3,1680,20,46,19
1880,1381,6,7,2264,3,2055,25,51,23
1881,1382,1,1,1147,1,3141,42,66,41
1882,1383,1,1,1148,1,1804,21,94,20
1883,1383,2,7,2265,3,1762,21,52,20
1884,1385,1,2,1149,1,1670,20,36,19
1885,1385,2,7,2266,3,1983,24,51,23
1886,1386,2,1,1150,1,1373,16,53,13
1887,1386,3,7,2709,3,1758,21,48,20
1888,1386,5,7,2267,3,1524,18,45,17
1889,1387,2,1,1151,1,3499,49,67,47
1890,1389,1,1,1152,1,1537,18,58,16
1891,1389,3,2,1153,1,2678,34,71,33
1892,1389,5,6,2828,3,1683,20,49,19
1893,1390,1,1,1154,1,1121,13,47,12
1894,1391,1,1,1155,1,1453,17,53,16
1895,1391,2,2,1156,1,1892,23,33,22
1896,1391,2,2,1157,1,2774,36,44,35
1897,1392,1,1,1158,1,2741,35,72,34
1898,1393,1,2,1159,1,1885,23,26,22
1899,1395,1,1,1160,1,1693,20,59,18
1900,1395,2,1,1161,1,2063,25,59,24
1901,1395,3,7,2268,3,1605,19,48,18
1902,1396,1,1,1162,1,1527,18,48,17
1903,1396,2,1,1163,1,1699,20,65,18
1904,1396,3,2,1164,1,1670,20,36,18
1905,1396,4,2,1165,1,2133,26,58,25
1906,1396,5,6,2710,3,1594,19,37,18
1907,1396,6,6,2711,3,1604,19,47,18
1908,1397,1,1,1166,1,1847,22,62,21
1909,1397,2,1,1167,1,2211,27,66,26
1910,1398,2,2,1168,1,1527,18,48,16
1911,1399,1,1,1169,1,1294,15,55,14
1912,1399,2,2,1170,1,1266,15,27,14
1913,1399,3,7,2269,3,1983,24,51,23
1914,1399,4,7,2270,3,1758,21,48,20
1915,1401,1,2,1172,1,1763,21,53,19
1916,1401,2,1,1171,1,1206,14,49,13
1917,1404,2,1,1173,1,1691,20,57,18
1918,1405,1,1,1174,1,1690,20,56,18
1919,1405,2,1,1175,1,1613,19,56,17
1920,1405,3,3,2871,3,2056,25,52,22
1921,1405,4,7,2712,3,1523,18,44,17
1922,1406,2,1,1176,1,1292,15,53,14
1923,1407,2,6,2713,3,1445,17,45,16
1924,1408,1,1,1177,1,1287,15,48,13
1925,1409,1,1,1178,1,2606,33,62,32
1926,1409,2,7,2488,3,1525,18,46,16
1927,1411,1,1,1179,1,1373,16,53,15
1928,1412,1,2,1180,1,2415,30,66,28
1929,1413,2,6,2829,3,1435,17,35,16
1930,1413,3,7,2489,3,1526,18,47,16
1931,1413,5,6,2714,3,1685,20,51,19
1932,1414,1,1,1181,1,1989,24,57,23
1933,1414,2,1,1182,1,2903,38,54,36
1934,1415,2,1,1183,1,1533,18,54,17
1935,1415,3,7,2490,3,1986,24,54,23
1936,1416,1,1,1184,1,2480,31,65,30
1937,1416,2,1,1185,1,2666,34,59,32
1938,1418,2,1,1186,1,1690,20,56,17
1939,1419,1,1,1187,1,2063,25,59,24
1940,1419,3,3,2872,3,1447,17,47,15
1941,1419,4,3,2914,3,2234,27,89,24
1942,1420,2,1,1188,1,1770,21,60,18
1943,1421,2,1,1189,1,1456,17,56,16
1944,1421,3,7,2715,3,1685,20,51,19
1945,1426,2,2,1190,1,2525,32,45,31
1946,1427,1,1,1191,1,2858,37,68,35
1947,1427,2,7,2491,3,1910,23,51,22
1948,1428,1,1,1192,1,1620,19,63,18
1949,1428,2,1,1193,1,1458,17,58,16
1950,1428,3,3,2873,3,1530,18,51,15
1951,1431,2,2,1194,1,2062,25,58,24
1952,1433,1,1,1195,1,2608,33,64,31
1953,1433,2,1,1196,1,1290,15,51,14
1954,1435,2,3,2940,3,2543,32,63,29
1955,1437,2,7,2271,3,1983,24,51,23
1956,1438,2,2,1197,1,1932,23,73,21
1957,1439,2,1,1198,1,3345,46,60,44
1958,1441,1,1,1199,1,2071,25,67,24
1959,1445,2,1,1200,1,1613,19,56,17
1960,1447,1,1,1201,1,870,10,51,9
1961,1447,3,7,2492,3,1445,17,45,16
1962,1447,4,7,2272,3,1609,19,52,18
1963,1447,5,7,2273,3,1681,20,47,19
1964,1449,2,2,1202,1,1689,20,55,19
1965,1451,1,2,1203,1,2147,26,72,25
1966,1452,1,1,1204,1,1758,21,48,20
1967,1453,1,2,1206,1,1677,20,43,17
1968,1453,2,1,1205,1,1684,20,50,17
1969,1456,3,7,2274,3,1983,24,51,23
1970,1457,2,1,1207,1,1693,20,59,17
1971,1457,3,7,2275,3,1609,19,52,18
1972,1457,4,7,2276,3,1912,23,53,22
1973,1458,1,1,1208,1,1282,15,43,14
1974,1458,2,7,2716,3,1446,17,46,16
1975,1458,3,7,2493,3,1603,19,46,18
1976,1458,4,7,2277,3,1835,22,50,21
1977,1459,1,1,1209,1,1372,16,52,15
1978,1459,2,2,1210,1,2336,29,54,28
1979,1459,3,8,1914,3,1618,19,61,18
1980,1460,2,2,1211,1,1305,15,66,14
1981,1460,3,7,2717,3,1284,15,45,14
1982,1460,4,7,2278,3,1837,22,52,21
1983,1460,5,7,2279,3,1983,24,51,23
1984,1463,2,1,1212,1,2137,26,62,25
1985,1465,1,1,1213,1,1293,15,54,13
1986,1467,2,7,2494,3,2057,25,53,24
1987,1469,3,7,2718,3,1526,18,47,16
1988,1469,4,7,2280,3,1681,20,47,19
1989,1469,5,7,2281,3,1837,22,52,21
1990,1470,1,2,1215,1,1907,23,48,21
1991,1470,2,1,1214,1,1837,22,52,19
1992,1471,2,1,1216,1,2209,27,64,25
1993,1471,3,3,2874,3,2062,25,58,24
1994,1472,1,2,1217,1,1513,18,34,16
1995,1473,1,1,1218,1,1453,17,53,15
1996,1475,1,1,1219,1,2349,29,67,28
1997,1475,2,1,1220,1,1434,17,34,16
1998,1475,3,7,2282,3,1759,21,49,20
1999,1476,2,1,1221,1,1703,20,69,17
2000,1476,3,7,2719,3,1681,20,47,19
2001,1476,4,7,2283,3,1455,17,55,14
2002,1476,5,7,2284,3,1759,21,49,20
2003,1477,1,1,1222,1,1533,18,54,17
2004,1477,2,2,1224,1,2058,25,54,24
2005,1477,3,1,1223,1,1687,20,53,19
2006,1478,2,1,1225,1,1626,19,69,18
2007,1478,3,7,2495,3,1609,19,52,18
2008,1478,4,7,2285,3,1524,18,45,16
2009,1480,2,1,1226,1,1839,22,54,21
2010,1480,3,7,2286,3,2956,39,49,38
2011,1481,1,2,1227,1,1841,22,56,21
2012,1481,2,7,2496,3,1681,20,47,17
2013,1481,3,7,2287,3,1760,21,50,20
2014,1483,1,1,1228,1,2061,25,57,23
2015,1483,2,1,1229,1,2058,25,54,23
2016,1483,3,6,2720,3,1689,20,55,19
2017,1484,2,7,2721,3,1524,18,45,16
2018,1484,3,7,2497,3,1526,18,47,17
2019,1484,4,7,2288,3,1835,22,50,21
2020,1484,5,7,2289,3,1908,23,49,22
2021,1485,1,1,1230,1,1916,23,57,21
2022,1486,1,1,1231,1,2132,26,57,24
2023,1487,1,6,2722,3,1524,18,45,17
2024,1488,1,2,1233,1,1832,22,47,20
2025,1488,2,1,1232,1,1845,22,60,20
2026,1489,1,1,1234,1,1610,19,53,18
2027,1490,1,1,1235,1,1735,21,25,19
2028,1490,1,1,1236,1,2727,35,58,34
2029,1490,3,7,2290,3,2338,29,56,28
2030,1491,1,1,1237,1,3073,41,53,39
2031,1491,2,2,1238,1,3814,56,74,54
2032,1492,2,1,1239,1,2136,26,61,24
2033,1492,3,7,2291,3,1909,23,50,21
2034,1492,4,7,2292,3,1603,19,46,18
2035,1495,1,2,1240,1,1765,21,55,18
2036,1497,1,2,1241,1,1990,24,58,22
2037,1498,1,1,1242,1,1675,20,41,18
2038,1500,1,1,1243,1,1035,12,45,10
2039,1500,3,7,2293,3,1529,18,50,17
2040,1500,4,7,2294,3,1682,20,48,19
2041,1501,3,8,1915,3,1819,22,34,21
2042,1505,2,1,1244,1,1450,17,50,15
2043,1506,2,1,1245,1,2557,32,77,31
2044,1506,4,6,2830,3,1603,19,46,18
2045,1506,5,6,2831,3,1682,20,48,19
2046,1507,1,1,1246,1,1781,21,71,18
2047,1507,2,8,1916,3,1525,18,46,16
2048,1508,1,1,1247,1,868,10,49,8
2049,1508,2,7,2295,3,1984,24,52,23
2050,1512,1,2,1248,1,1993,24,61,21
2051,1512,2,7,2296,3,1911,23,52,21
2052,1513,1,2,1249,1,596,7,41,5
2053,1513,2,7,2297,3,1983,24,51,22
2054,1514,1,1,1250,1,1770,21,60,18
2055,1514,2,7,2723,3,1606,19,49,17
2056,1514,3,7,2498,3,1607,19,50,18
2057,1514,4,7,2298,3,1836,22,51,17
2058,1515,1,1,1251,1,1686,20,52,19
2059,1518,1,1,1252,1,1590,19,33,17
2060,1519,1,1,1253,1,2264,28,50,27
2061,1519,2,3,2875,3,3009,40,45,35
2062,1520,2,1,1254,1,785,9,53,8
2063,1521,1,1,1255,1,1765,21,55,20
2064,1521,1,1,1256,1,4052,62,87,61
2065,1523,1,1,1257,1,1124,13,50,12
2066,1523,2,1,1258,1,1678,20,44,19
2067,1524,1,1,1259,1,2488,31,73,30
2068,1524,2,2,1260,1,2112,26,37,25
2069,1525,1,1,1261,1,1760,21,50,18
2070,1525,2,1,1262,1,2205,27,60,26
2071,1526,1,1,1263,1,1517,18,38,17
2072,1526,1,1,1264,1,3365,46,80,45
2073,1526,2,1,1265,1,1690,20,56,17
2074,1527,1,1,1266,1,1371,16,51,12
2075,1527,2,1,1267,1,2059,25,55,24
2076,1529,2,1,1268,1,2861,37,71,36
2077,1530,1,1,1269,1,2329,29,47,28
2078,1530,2,2,1270,1,1765,21,55,20
2079,1531,1,1,1271,1,1693,20,59,17
2080,1531,2,1,1272,1,1753,21,43,20
2081,1531,3,8,1917,3,1818,22,33,21
2082,1532,1,1,1273,1,2924,38,75,37
2083,1532,2,1,1274,1,692,8,48,7
2084,1533,1,1,1275,1,1611,19,54,16
2085,1533,1,1,1276,1,3988,60,94,57
2086,1533,2,1,1277,1,3872,57,92,54
2087,1533,3,2,1278,1,1830,22,45,21
2088,1533,4,7,2499,3,1449,17,49,16
2089,1533,5,7,2299,3,1604,19,47,18
2090,1535,1,1,1279,1,1290,15,51,12
2091,1536,1,1,1280,1,1184,14,27,10
2092,1536,2,1,1281,1,1376,16,56,12
2093,1536,3,7,2300,3,1449,17,49,16
2094,1536,4,7,2301,3,2051,25,47,24
2095,1537,1,1,1282,1,864,10,45,9
2096,1538,1,1,1283,1,1688,20,54,17
2097,1539,1,1,1284,1,1358,16,38,14
2098,1539,2,1,1285,1,2056,25,52,23
2099,1539,3,6,2832,3,1682,20,48,19
2100,1539,4,7,2724,3,1683,20,49,19
2101,1539,5,7,2500,3,1604,19,47,18
2102,1541,2,3,2876,3,1736,21,26,18
2103,1541,4,7,2302,3,2731,35,62,34
2104,1542,1,1,1286,1,2208,27,63,26
2105,1543,1,1,1287,1,1840,22,55,21
2106,1543,3,7,2501,3,1837,22,52,21
2107,1543,4,7,2303,3,1606,19,49,18
2108,1544,1,1,1288,1,1847,22,62,21
2109,1544,3,6,2725,3,1451,17,51,12
2110,1544,4,7,2502,3,1607,19,50,18
2111,1547,2,1,1289,1,2198,27,53,26
2112,1548,1,1,1290,1,2283,28,69,25
2113,1548,2,1,1291,1,2410,30,61,26
2114,1549,1,1,1292,1,1844,22,59,21
2115,1549,2,2,1293,1,2265,28,51,27
2116,1549,3,7,2304,3,1909,23,50,22
2117,1549,4,7,2305,3,1910,23,51,22
2118,1549,5,7,2306,3,1683,20,49,19
2119,1549,6,8,1918,3,1612,19,55,18
2120,1550,2,3,2954,3,1445,17,45,13
2121,1550,3,7,2307,3,1985,24,53,23
2122,1551,1,1,1294,1,2934,38,85,34
2123,1551,2,1,1295,1,2205,27,60,26
2124,1553,3,1,1296,1,2727,35,58,34
2125,1554,2,7,2503,3,1608,19,51,18
2126,1554,3,7,2308,3,1759,21,49,20
2127,1555,3,1,1297,1,1694,20,60,16
2128,1556,1,1,1298,1,1696,20,62,19
2129,1557,1,1,1299,1,2479,31,64,30
2130,1557,2,1,1300,1,2064,25,60,24
2131,1558,2,1,1301,1,1684,20,50,19
2132,1559,2,1,1302,1,430,5,56,1
2133,1561,1,2,1304,1,1223,14,66,12
2134,1561,2,1,1303,1,1609,19,52,18
2135,1562,2,1,1305,1,701,8,57,6
2136,1562,3,7,2726,3,1683,20,49,19
2137,1563,2,2,1306,1,1368,16,48,15
2138,1564,1,1,1307,1,1990,24,58,23
2139,1564,2,6,2833,3,1526,18,47,17
2140,1565,1,1,1308,1,1924,23,65,22
2141,1565,2,1,1309,1,414,5,40,4
2142,1566,1,1,1310,1,1611,19,54,18
2143,1566,1,1,1311,1,4249,68,95,67
2144,1568,2,1,1312,1,1691,20,57,18
2145,1572,2,7,2309,3,1911,23,52,22
2146,1573,1,1,1313,1,2063,25,59,24
2147,1574,1,1,1314,1,1753,21,43,20
2148,1574,1,1,1315,1,3298,45,64,44
2149,1574,2,1,1316,1,1683,20,49,17
2150,1574,2,1,1317,1,3924,59,67,55
2151,1574,3,7,2310,3,1445,17,45,16
2152,1574,4,7,2311,3,1526,18,47,17
2153,1575,1,1,1318,1,1306,15,67,12
2154,1575,2,3,2941,3,3085,41,65,39
2155,1575,3,6,2834,3,1448,17,48,16
2156,1575,4,7,2504,3,1604,19,47,18
2157,1576,1,1,1319,1,1767,21,57,20
2158,1576,2,1,1320,1,1369,16,49,14
2159,1576,3,2,1322,1,1531,18,52,17
2160,1576,3,2,1323,1,3971,60,77,57
2161,1576,4,1,1321,1,2962,39,55,38
2162,1578,1,1,1324,1,1610,19,53,17
2163,1578,2,1,1325,1,1916,23,57,22
2164,1578,3,6,2727,3,1602,19,45,18
2165,1578,4,7,2505,3,1836,22,51,21
2166,1579,1,1,1326,1,1763,21,53,20
2167,1579,2,1,1327,1,1683,20,49,19
2168,1581,2,2,1328,1,2227,27,82,26
2169,1582,1,1,1329,1,3079,41,59,39
2170,1582,2,1,1330,1,1394,16,74,15
2171,1583,1,1,1331,1,1679,20,45,19
2172,1583,2,1,1332,1,3388,47,53,45
2173,1584,2,1,1333,1,1459,17,59,16
2174,1585,2,8,1919,3,1909,23,50,22
2175,1587,1,1,1334,1,2276,28,62,27
2176,1587,2,2,1335,1,1538,18,59,17
2177,1591,1,1,1336,1,1378,16,58,13
2178,1591,2,2,1337,1,1670,20,36,19
2179,1591,2,2,1338,1,3317,45,83,44
2180,1593,1,1,1339,1,1916,23,57,19
2181,1593,2,1,1340,1,2602,33,58,31
2182,1593,3,3,2915,3,1963,24,31,20
2183,1593,3,3,2916,1,2893,38,44,37
2184,1593,4,1,1341,1,2139,26,64,25
2185,1593,5,7,2728,3,1690,20,56,19
2186,1594,1,1,1342,1,2655,34,48,33
2187,1594,1,1,1343,1,3728,54,71,53
2188,1594,2,7,2729,3,1449,17,49,16
2189,1595,1,1,1344,1,2361,29,79,28
2190,1595,2,1,1345,1,1037,12,47,8
2191,1595,3,8,1920,3,2840,37,50,35
2192,1595,4,7,2506,3,1686,20,52,19
2193,1595,5,7,2312,3,2059,25,55,24
2194,1598,2,1,1346,1,2136,26,61,25
2195,1601,1,1,1347,1,1688,20,54,17
2196,1601,2,1,1348,1,1380,16,60,14
2197,1605,1,1,1349,1,1370,16,50,15
2198,1605,1,1,1350,1,3931,59,74,55
2199,1605,2,1,1351,1,1375,16,55,14
2200,1607,2,7,2507,3,1604,19,47,18
2201,1608,1,1,1352,1,2539,32,59,31
2202,1608,2,7,2508,3,1815,22,30,21
2203,1608,3,7,2313,3,1685,20,51,19
2204,1609,2,6,2730,3,1758,21,48,20
2205,1610,1,1,1353,1,1768,21,58,20
2206,1610,2,1,1354,1,2047,25,43,24
2207,1610,3,7,2731,3,1524,18,45,17
2208,1611,1,1,1355,1,2478,31,63,30
2209,1612,2,1,1356,1,1457,17,57,14
2210,1613,1,1,1357,1,1452,17,52,16
2211,1613,2,1,1358,1,3564,50,85,47
2212,1613,4,2,1359,1,3187,43,58,41
2213,1613,4,2,1360,1,4243,68,89,66
2214,1614,1,1,1361,1,953,11,48,10
2215,1614,2,2,1362,1,1829,22,44,19
2216,1614,3,7,2509,3,1605,19,48,18
2217,1614,4,7,2314,3,1913,23,54,19
2218,1615,1,1,1363,1,1376,16,56,14
2219,1615,2,1,1364,1,2545,32,65,31
2220,1616,1,2,1365,1,1691,20,57,19
2221,1618,1,1,1366,1,1610,19,53,16
2222,1618,2,2,1367,1,1904,23,45,22
2223,1619,1,1,1368,1,1981,24,49,21
2224,1619,2,7,2510,3,1534,18,55,17
2225,1620,1,1,1369,1,1693,20,59,18
2226,1621,1,1,1370,1,3132,42,57,39
2227,1622,1,1,1371,1,1294,15,55,14
2228,1622,3,6,2732,3,1711,20,77,19
2229,1622,4,2,1372,1,2049,25,45,23
2230,1623,2,1,1373,1,1098,13,24,11
2231,1623,4,7,2733,3,1526,18,47,17
2232,1625,1,1,1374,1,2281,28,67,25
2233,1625,2,1,1375,1,1849,22,64,21
2234,1625,3,7,2511,3,1527,18,48,17
2235,1625,4,7,2315,3,1525,18,46,17
2236,1626,1,1,1376,1,761,9,29,6
2237,1626,2,1,1377,1,1915,23,56,22
2238,1626,3,1,1378,1,1772,21,62,19
2239,1629,1,1,1379,1,2206,27,61,26
2240,1629,3,7,2316,3,1764,21,54,20
2241,1630,2,6,2734,3,1605,19,48,18
2242,1630,3,7,2512,3,1688,20,54,19
2243,1632,1,1,1380,1,1684,20,50,18
2244,1632,3,7,2317,3,1985,24,53,23
2245,1633,1,1,1381,1,960,11,55,9
2246,1636,1,2,1383,1,1930,23,71,22
2247,1636,2,1,1382,1,1766,21,56,18
2248,1636,3,7,2513,3,1503,18,24,17
2249,1636,4,7,2318,3,1681,20,47,19
2250,1636,5,7,2319,3,1681,20,47,19
2251,1637,1,1,1384,1,1766,21,56,18
2252,1637,4,7,2320,3,2057,25,53,24
2253,1637,5,7,2321,3,1909,23,50,22
2254,1637,6,7,2322,3,1765,21,55,20
2255,1638,1,1,1385,1,1361,16,41,14
2256,1638,2,2,1386,1,2190,27,45,25
2257,1638,2,2,1387,1,3806,56,66,54
2258,1639,1,1,1388,1,1693,20,59,18
2259,1639,2,1,1389,1,1527,18,48,16
2260,1639,3,6,2835,3,1683,20,49,19
2261,1639,4,7,2735,3,1604,19,47,18
2262,1640,2,2,1390,1,1689,20,55,18
2263,1640,4,7,2323,3,1683,20,49,19
2264,1640,5,7,2324,3,1605,19,48,18
2265,1641,1,1,1391,1,1609,19,52,17
2266,1641,2,1,1392,1,1611,19,54,17
2267,1641,3,1,1393,1,2669,34,62,32
2268,1641,3,1,1394,1,4491,79,84,77
2269,1641,4,6,2836,3,1681,20,47,19
2270,1641,5,7,2325,3,1759,21,49,20
2271,1641,6,8,1921,3,2065,25,61,23
2272,1642,1,1,1395,1,2132,26,57,25
2273,1642,2,1,1396,1,3319,45,85,43
2274,1642,3,7,2514,3,1686,20,52,19
2275,1642,4,7,2326,3,1909,23,50,21
2276,1642,5,7,2327,3,2057,25,53,24
2277,1645,1,1,1397,1,3339,46,54,44
2278,1645,2,1,1398,1,1767,21,57,19
2279,1645,3,6,2736,3,1607,19,50,17
2280,1646,1,1,1399,1,1767,21,57,18
2281,1646,2,1,1400,1,1117,13,43,10
2282,1647,1,1,1401,1,2741,35,72,33
2283,1649,1,1,1402,1,1617,19,60,17
2284,1649,2,1,1403,1,2479,31,64,30
2285,1649,3,6,2737,3,1451,17,51,16
2286,1650,1,1,1404,1,1997,24,65,23
2287,1650,2,1,1405,1,1764,21,54,18
2288,1652,1,1,1406,1,2904,38,55,37
2289,1654,1,1,1407,1,3129,42,54,41
2290,1654,3,1,1408,1,1685,20,51,17
2291,1654,4,1,1409,1,2415,30,66,28
2292,1654,5,7,2515,3,1531,18,52,17
2293,1654,6,7,2328,3,1615,19,58,18
2294,1655,5,8,1922,3,1447,17,47,15
2295,1657,1,1,1410,1,1770,21,60,19
2296,1658,1,1,1411,1,1823,22,38,21
2297,1658,1,1,1412,1,3299,45,65,42
2298,1660,2,2,1413,1,2042,25,38,24
2299,1661,1,1,1414,1,1838,22,53,21
2300,1661,2,1,1415,1,2062,25,58,23
2301,1662,1,1,1416,1,2063,25,59,22
2302,1662,2,7,2516,3,1447,17,47,16
2303,1664,2,1,1417,1,3146,42,71,41
2304,1665,1,1,1418,1,2135,26,60,24
2305,1666,1,1,1419,1,1096,13,22,12
2306,1666,1,1,1420,1,2551,32,71,31
2307,1667,2,1,1421,1,1924,23,65,20
2308,1667,3,7,2738,3,1604,19,47,17
2309,1668,1,1,1422,1,3132,42,57,40
2310,1670,1,1,1423,1,1767,21,57,18
2311,1670,2,1,1424,1,1614,19,57,15
2312,1670,3,1,1425,1,2743,35,74,34
2313,1670,4,6,2837,3,1537,18,58,16
2314,1670,5,7,2329,3,1909,23,50,21
2315,1670,6,8,1923,3,1538,18,59,16
2316,1671,1,1,1426,1,2063,25,59,24
2317,1671,2,2,1427,1,1680,20,46,18
2318,1673,1,1,1428,1,1530,18,51,16
2319,1674,2,1,1429,1,1526,18,47,16
2320,1674,3,8,1924,3,1682,20,48,17
2321,1674,4,7,2517,3,1833,22,48,20
2322,1675,1,1,1430,1,3989,60,95,57
2323,1676,1,1,1431,1,1023,12,33,8
2324,1677,2,2,1432,1,2620,33,76,32
2325,1677,4,7,2739,3,1683,20,49,18
2326,1677,5,2,1433,1,1914,23,55,22
2327,1678,1,2,1434,1,1608,19,51,14
2328,1678,3,6,2740,3,1525,18,46,16
2329,1678,4,6,2741,3,1524,18,45,16
2330,1678,5,7,2330,3,1760,21,50,19
2331,1679,1,1,1435,1,2276,28,62,27
2332,1680,1,1,1436,1,1608,19,51,17
2333,1680,1,1,1437,1,3839,57,59,55
2334,1681,1,1,1438,1,2462,31,47,29
2335,1681,3,1,1439,1,1988,24,56,23
2336,1682,1,1,1440,1,2845,37,55,35
2337,1686,2,2,1441,1,2604,33,60,31
2338,1687,1,1,1442,1,1920,23,61,21
2339,1687,2,6,2838,3,1910,23,51,22
2340,1688,1,1,1443,1,1748,21,38,18
2341,1688,1,1,1444,1,3336,46,51,43
2342,1688,2,2,1445,1,1994,24,62,23
2343,1689,1,1,1446,1,1374,16,54,14
2344,1690,1,1,1447,1,2063,25,59,23
2345,1690,2,1,1448,1,1215,14,58,11
2346,1691,1,1,1449,1,1995,24,63,22
2347,1692,2,1,1450,1,1378,16,58,14
2348,1692,3,6,2839,3,1527,18,48,16
2349,1693,1,2,1452,1,3338,46,53,44
2350,1693,2,1,1451,1,2064,25,60,23
2351,1694,1,2,1453,1,3630,52,60,49
2352,1694,2,2,1454,1,2655,34,48,32
2353,1695,1,2,1455,1,1459,17,59,16
2354,1696,2,2,1456,1,1990,24,58,21
2355,1697,1,1,1457,1,2728,35,59,33
2356,1697,2,1,1458,1,1767,21,57,19
2357,1698,1,1,1459,1,1291,15,52,12
2358,1698,2,1,1460,1,1532,18,53,16
2359,1698,3,7,2518,3,1682,20,48,18
2360,1698,4,8,1925,3,1694,20,60,18
2361,1699,3,7,2331,3,1910,23,51,22
2362,1703,1,1,1461,1,1913,23,54,21
2363,1705,1,1,1462,1,2137,26,62,24
2364,1705,2,1,1463,1,1843,22,58,21
2365,1705,3,3,2877,3,1441,17,41,16
2366,1705,4,3,2878,3,2594,33,50,32
2367,1705,5,6,2840,3,1604,19,47,18
2368,1706,1,1,1464,1,2674,34,67,32
2369,1707,2,2,1465,1,1695,20,61,19
2370,1708,1,1,1466,1,1663,20,29,19
2371,1708,1,1,1467,1,2763,35,94,34
2372,1708,5,8,1926,3,1967,24,35,23
2373,1709,1,1,1468,1,1455,17,55,14
2374,1709,2,1,1469,1,2210,27,65,25
2375,1710,1,2,1472,1,2076,25,72,24
2376,1710,2,1,1470,1,1687,20,53,17
2377,1710,2,1,1471,1,4084,63,85,60
2378,1710,3,7,2519,3,1833,22,48,21
2379,1710,4,7,2332,3,1912,23,53,22
2380,1710,5,7,2333,3,1605,19,48,18
2381,1711,1,1,1473,1,1694,20,60,17
2382,1711,2,1,1474,1,1452,17,52,16
2383,1711,4,6,2841,3,1617,19,60,18
2384,1711,6,8,1927,3,1765,21,55,20
2385,1712,1,1,1475,1,1689,20,55,17
2386,1712,2,1,1476,1,1296,15,57,11
2387,1712,3,1,1477,1,1991,24,59,20
2388,1713,2,1,1478,1,1993,24,61,23
2389,1713,3,6,2742,3,1605,19,48,18
2390,1713,4,7,2743,3,1834,22,49,21
2391,1713,5,7,2744,3,1756,21,46,20
2392,1713,6,7,2520,3,1758,21,48,20
2393,1715,1,1,1479,1,1614,19,57,18
2394,1715,2,1,1480,1,1381,16,61,15
2395,1715,3,7,2521,3,1604,19,47,18
2396,1715,4,7,2334,3,1617,19,60,18
2397,1715,5,7,2335,3,1916,23,57,22
2398,1716,1,1,1481,1,865,10,46,6
2399,1721,1,1,1482,1,1453,17,53,16
2400,1722,1,1,1483,1,3613,51,88,50
2401,1723,1,1,1484,1,1976,24,44,21
2402,1725,1,2,1485,1,1933,23,74,20
2403,1725,2,7,2336,3,1981,24,49,23
2404,1726,1,1,1486,1,1298,15,59,12
2405,1726,2,1,1487,1,1212,14,55,10
2406,1727,1,1,1488,1,2069,25,65,24
2407,1729,1,2,1490,1,1615,19,58,16
2408,1729,2,1,1489,1,2071,25,67,24
2409,1730,1,1,1491,1,2345,29,63,28
2410,1730,6,6,2745,3,1443,17,43,16
2411,1730,7,7,2337,3,2128,26,53,25
2412,1730,8,7,2338,3,1986,24,54,23
2413,1730,9,7,2339,3,1836,22,51,21
2414,1731,1,1,1492,1,950,11,45,9
2415,1732,2,7,2522,3,1760,21,50,20
2416,1733,1,1,1493,1,1676,20,42,19
2417,1733,1,1,1494,1,3455,48,71,47
2418,1733,2,1,1495,1,1374,16,54,14
2419,1734,1,1,1496,1,3239,44,57,43
2420,1734,4,6,2746,3,1612,19,55,18
2421,1735,1,1,1497,1,2334,29,52,28
2422,1736,1,1,1498,1,3237,44,55,43
2423,1736,2,7,2523,3,1683,20,49,19
2424,1736,3,1,1499,1,1749,21,39,20
2425,1736,3,1,1500,1,3100,41,80,40
2426,1736,4,7,2340,3,1980,24,48,23
2427,1737,1,1,1501,1,2343,29,61,28
2428,1737,2,1,1502,1,3814,56,74,55
2429,1737,3,7,2341,3,1627,19,70,18
2430,1739,1,1,1503,1,1692,20,58,19
2431,1741,1,2,1506,1,2462,31,47,30
2432,1741,2,1,1504,1,1755,21,45,20
2433,1741,2,1,1505,1,3671,53,57,52
2434,1741,3,7,2342,3,1835,22,50,21
2435,1741,4,7,2343,3,1837,22,52,21
2436,1742,1,1,1507,1,1309,15,70,12
2437,1742,2,1,1508,1,1889,23,30,22
2438,1742,2,1,1509,1,2601,33,57,32
2439,1742,3,7,2344,3,1604,19,47,18
2440,1742,4,7,2345,3,1682,20,48,19
2441,1744,1,2,1510,1,1763,21,53,19
2442,1744,3,7,2346,3,1835,22,50,21
2443,1744,4,7,2347,3,1836,22,51,21
2444,1745,1,2,1512,1,2843,37,53,36
2445,1745,2,1,1511,1,3574,50,95,49
2446,1745,4,7,2524,3,1608,19,51,18
2447,1748,1,1,1513,1,2339,29,57,28
2448,1748,2,1,1514,1,2138,26,63,25
2449,1748,3,7,2348,3,1982,24,50,23
2450,1749,1,1,1515,1,1690,20,56,19
2451,1749,2,1,1516,1,1121,13,47,10
2452,1751,1,1,1517,1,2414,30,65,29
2453,1751,2,1,1518,1,1368,16,48,13
2454,1751,3,7,2525,3,1524,18,45,17
2455,1751,4,7,2349,3,2057,25,53,24
2456,1752,1,1,1519,1,1916,23,57,20
2457,1752,1,1,1520,1,4103,64,71,61
2458,1752,2,1,1521,1,2278,28,64,27
2459,1754,1,1,1522,1,2208,27,63,26
2460,1754,2,1,1523,1,1699,20,65,16
2461,1755,1,1,1524,1,1765,21,55,17
2462,1755,2,1,1525,1,1830,22,45,21
2463,1756,1,1,1526,1,1835,22,50,18
2464,1756,2,1,1527,1,3669,53,55,52
2465,1756,3,6,2842,3,1684,20,50,19
2466,1756,4,7,2526,3,1527,18,48,17
2467,1759,1,1,1528,1,2482,31,67,30
2468,1759,3,2,1529,1,3725,54,68,53
2469,1760,1,2,1531,1,2140,26,65,25
2470,1760,2,1,1530,1,1537,18,58,13
2471,1760,3,7,2747,3,1682,20,48,19
2472,1761,2,1,1532,1,1917,23,58,22
2473,1762,1,1,1533,1,1840,22,55,18
2474,1762,2,1,1534,1,3449,48,65,44
2475,1764,2,1,1535,1,1847,22,62,18
2476,1764,4,1,1536,1,2033,25,29,24
2477,1764,4,1,1537,1,2784,36,54,35
2478,1766,1,1,1538,1,2743,35,74,34
2479,1770,1,2,1540,1,2792,36,62,35
2480,1770,2,1,1539,1,1452,17,52,16
2481,1773,1,1,1541,1,1376,16,56,14
2482,1773,2,2,1543,1,1990,24,58,23
2483,1773,3,1,1542,1,2863,37,73,36
2484,1774,1,1,1544,1,1918,23,59,20
2485,1775,1,1,1545,1,1123,13,49,11
2486,1775,2,1,1546,1,1996,24,64,23
2487,1775,3,6,2843,3,1460,17,60,15
2488,1776,1,1,1547,1,2208,27,63,26
2489,1778,1,1,1548,1,2064,25,60,24
2490,1779,1,1,1549,1,1617,19,60,18
2491,1780,1,1,1550,1,1896,23,37,20
2492,1781,1,1,1551,1,1362,16,42,14
2493,1781,2,3,2917,3,2251,28,37,27
2494,1782,1,1,1552,1,1695,20,61,17
2495,1783,1,2,1554,1,1528,18,49,16
2496,1783,2,1,1553,1,2060,25,56,22
2497,1783,3,7,2748,3,1983,24,51,23
2498,1783,4,7,2350,3,1684,20,50,19
2499,1785,1,1,1555,1,1839,22,54,19
2500,1785,2,1,1556,1,1614,19,57,18
2501,1785,3,1,1557,1,1844,22,59,21
2502,1785,4,6,2844,3,1533,18,54,17
2503,1785,5,7,2351,3,1609,19,52,18
2504,1785,6,8,1928,3,1536,18,57,17
2505,1786,2,1,1558,1,2135,26,60,23
2506,1787,1,2,1559,1,1528,18,49,17
2507,1787,3,6,2845,3,1835,22,50,21
2508,1789,3,6,2749,3,1604,19,47,18
2509,1790,1,1,1560,1,1765,21,55,20
2510,1790,2,1,1561,1,1449,17,49,13
2511,1790,3,6,2846,3,1459,17,59,16
2512,1790,4,7,2750,3,1683,20,49,19
2513,1792,1,1,1562,1,2135,26,60,23
2514,1792,2,1,1563,1,1456,17,56,15
2515,1792,3,3,2879,3,2326,29,44,28
2516,1792,3,3,2880,3,3923,59,66,58
2517,1792,4,3,2918,3,1844,22,59,21
2518,1793,1,1,1564,1,2208,27,63,25
2519,1794,1,2,1566,1,2533,32,53,31
2520,1794,2,1,1565,1,1858,22,73,21
2521,1795,1,1,1567,1,1764,21,54,19
2522,1795,2,3,2881,3,1682,20,48,19
2523,1795,3,2,1568,1,1524,18,45,16
2524,1796,1,1,1569,1,1842,22,57,20
2525,1796,2,1,1570,1,1843,22,58,20
2526,1796,3,8,1929,3,1451,17,51,15
2527,1800,1,1,1571,1,1373,16,53,14
2528,1800,2,1,1572,1,2132,26,57,24
2529,1801,2,6,2751,3,1603,19,46,18
2530,1803,1,1,1573,1,2130,26,55,25
2531,1803,2,1,1574,1,945,11,40,8
2532,1806,1,1,1575,1,3399,47,64,45
2533,1806,2,1,1576,1,1210,14,53,12
2534,1806,3,6,2752,3,1671,20,37,19
2535,1806,3,6,2753,3,3013,40,49,39
2536,1806,4,7,2754,3,1680,20,46,19
2537,1806,5,7,2755,3,1452,17,52,16
2538,1806,6,7,2527,3,1759,21,49,20
2539,1807,1,1,1577,1,2065,25,61,24
2540,1809,1,2,1578,1,3641,52,71,51
2541,1811,1,2,1579,1,2546,32,66,30
2542,1814,1,2,1581,1,2341,29,59,28
2543,1814,2,1,1580,1,2531,32,51,31
2544,1815,1,2,1582,1,1693,20,59,17
2545,1815,2,2,1583,1,2187,27,42,25
2546,1816,1,1,1584,1,1455,17,55,15
2547,1816,3,7,2352,3,1837,22,52,21
2548,1817,2,1,1585,1,2060,25,56,24
2549,1819,2,7,2353,3,1526,18,47,17
2550,1820,1,1,1586,1,1681,20,47,19
2551,1820,2,1,1587,1,1928,23,69,22
2552,1820,3,7,2354,3,1983,24,51,21
2553,1821,1,1,1588,1,1842,22,57,20
2554,1822,2,2,1589,1,1989,24,57,22
2555,1823,1,2,1590,1,3141,42,66,41
2556,1823,3,6,2756,3,1447,17,47,16
2557,1823,4,6,2757,3,1524,18,45,17
2558,1823,5,7,2355,3,1760,21,50,20
2559,1824,2,7,2356,3,1984,24,52,23
2560,1825,1,1,1591,1,2674,34,67,33
2561,1825,2,7,2357,3,1759,21,49,20
2562,1825,3,7,2758,3,1982,24,50,23
2563,1826,2,1,1592,1,1202,14,45,12
2564,1826,3,8,1930,3,1967,24,35,22
2565,1827,1,1,1593,1,4246,68,92,66
2566,1828,1,2,1595,1,1777,21,67,19
2567,1828,2,1,1594,1,2198,27,53,25
2568,1830,1,1,1596,1,2535,32,55,31
2569,1831,1,1,1597,1,3434,48,50,46
2570,1832,1,1,1598,1,1768,21,58,18
2571,1833,1,2,1599,1,1850,22,65,21
2572,1833,2,2,1600,1,2658,34,51,33
2573,1834,1,1,1601,1,1849,22,64,21
2574,1835,1,3,2955,3,3851,57,71,56
2575,1836,1,2,1602,1,1620,19,63,18
2576,1838,1,1,1603,1,1359,16,39,14
2577,1838,3,1,1604,1,1918,23,59,21
2578,1840,1,1,1605,1,2660,34,53,32
2579,1840,4,2,1606,1,1910,23,51,21
2580,1841,1,1,1607,1,875,10,56,7
2581,1841,2,7,2358,3,1686,20,52,19
2582,1842,1,1,1608,1,1771,21,61,19
2583,1842,2,1,1609,1,2208,27,63,25
2584,1843,1,1,1610,1,1381,16,61,14
2585,1844,2,1,1611,1,2407,30,58,28
2586,1845,1,1,1612,1,1371,16,51,15
2587,1846,1,1,1613,1,1369,16,49,14
2588,1846,2,1,1614,1,1370,16,50,14
2589,1846,3,7,2528,3,1526,18,47,16
2590,1847,1,1,1615,1,2131,26,56,24
2591,1847,2,2,1616,1,1763,21,53,20
2592,1847,3,3,2919,3,2287,28,73,27
2593,1847,4,6,2759,3,1451,17,51,16
2594,1847,5,7,2529,3,1981,24,49,23
2595,1848,1,1,1617,1,1679,20,45,18
2596,1848,2,2,1620,1,2248,28,34,26
2597,1848,3,1,1618,1,2061,25,57,23
2598,1848,4,1,1619,1,1134,13,60,10
2599,1849,1,1,1621,1,1610,19,53,18
2600,1851,2,2,1622,1,1749,21,39,20
2601,1851,2,2,1623,1,3289,45,55,44
2602,1852,3,8,1931,3,1920,23,61,22
2603,1853,1,1,1624,1,2136,26,61,25
2604,1853,2,7,2359,3,1607,19,50,18
2605,1854,1,1,1625,1,1771,21,61,19
2606,1855,1,1,1626,1,1447,17,47,14
2607,1856,2,3,2882,3,2582,33,38,31
2608,1856,2,3,2883,3,3231,44,49,42
2609,1856,4,7,2360,3,1686,20,52,19
2610,1858,2,1,1627,1,1448,17,48,16
2611,1858,3,7,2530,3,1447,17,47,16
2612,1858,4,7,2361,3,1910,23,51,22
2613,1859,1,1,1628,1,2135,26,60,25
2614,1859,3,7,2362,3,1985,24,53,23
2615,1859,4,8,1932,3,1586,19,29,17
2616,1860,1,1,1629,1,1705,20,71,17
2617,1863,1,2,1631,1,2482,31,67,29
2618,1863,2,1,1630,1,1212,14,55,12
2619,1863,3,7,2531,3,1682,20,48,19
2620,1863,4,7,2363,3,1604,19,47,18
2621,1864,2,2,1632,1,1825,22,40,20
2622,1865,1,1,1633,1,1689,20,55,18
2623,1867,1,2,1634,1,3635,52,65,50
2624,1867,2,2,1635,1,2121,26,46,25
2625,1868,2,1,1636,1,2613,33,69,31
2626,1868,3,3,2884,3,1962,24,30,22
2627,1869,2,2,1637,1,4004,61,74,60
2628,1871,2,2,1638,1,3865,57,85,55
2629,1872,1,1,1639,1,2805,36,75,34
2630,1872,2,2,1640,1,2711,35,42,33
2631,1874,2,1,1641,1,234,3,45,1
2632,1876,1,2,1643,1,1588,19,31,17
2633,1876,2,1,1642,1,1841,22,56,21
2634,1876,3,7,2364,3,1985,24,53,23
2635,1879,1,1,1644,1,1541,18,62,17
2636,1879,2,1,1645,1,1204,14,47,13
2637,1879,4,2,1646,1,1699,20,65,19
2638,1879,5,6,2760,3,1603,19,46,18
2639,1881,1,2,1649,1,2209,27,64,26
2640,1881,2,1,1647,1,1687,20,53,18
2641,1881,3,1,1648,1,2347,29,65,28
2642,1881,4,2,1650,1,3150,42,75,41
2643,1882,1,1,1651,1,1920,23,61,18
2644,1882,2,2,1652,1,1984,24,52,22
2645,1882,3,8,1933,3,1915,23,56,22
2646,1884,1,1,1653,1,1693,20,59,16
2647,1884,2,7,2532,3,1683,20,49,16
2648,1884,3,7,2365,3,1909,23,50,21
2649,1884,4,8,1934,3,1533,18,54,16
2650,1885,1,1,1654,1,1764,21,54,19
2651,1886,3,7,2366,3,1986,24,54,23
2652,1886,4,7,2367,3,1835,22,50,20
2653,1887,2,1,1655,1,1583,19,26,17
2654,1887,2,1,1656,1,2849,37,59,35
2655,1887,4,6,2847,3,1606,19,49,17
2656,1888,2,2,1657,1,1235,14,78,12
2657,1888,3,7,2368,3,1983,24,51,20
2658,1889,2,6,2761,3,1534,18,55,16
2659,1889,3,7,2533,3,1685,20,51,18
2660,1889,5,1,1658,1,1037,12,47,10
2661,1890,1,1,1659,1,1027,12,37,11
2662,1891,1,1,1660,1,1976,24,44,23
2663,1891,3,1,1661,1,2663,34,56,33
2664,1892,1,1,1662,1,3391,47,56,44
2665,1892,2,7,2369,3,1681,20,47,17
2666,1893,1,2,1663,1,1684,20,50,18
2667,1893,2,2,1664,1,2337,29,55,28
2668,1894,1,1,1665,1,2410,30,61,29
2669,1894,2,1,1666,1,1611,19,54,16
2670,1895,1,1,1667,1,1766,21,56,18
2671,1896,4,1,1668,1,1454,17,54,14
2672,1897,2,1,1669,1,1693,20,59,18
2673,1898,2,7,2370,3,1605,19,48,17
2674,1899,1,1,1670,1,1843,22,58,21
2675,1899,3,8,1935,3,1835,22,50,20
2676,1900,1,1,1671,1,1767,21,57,19
2677,1900,2,1,1672,1,1668,20,34,19
2678,1901,1,1,1673,1,1768,21,58,20
2679,1901,2,1,1674,1,1374,16,54,15
2680,1901,4,8,1936,3,1836,22,51,21
2681,1902,2,1,1675,1,1189,14,32,12
2682,1902,3,3,2885,3,1758,21,48,20
2683,1902,4,7,2762,3,1528,18,49,17
2684,1903,4,6,2848,3,1604,19,47,18
2685,1904,2,7,2371,3,1682,20,48,19
2686,1904,3,8,1937,3,2119,26,44,25
2687,1904,4,1,1676,1,1768,21,58,20
2688,1905,3,6,2763,3,1834,22,49,21
2689,1906,1,1,1677,1,1690,20,56,19
2690,1906,1,1,1678,3,4182,66,87,65
2691,1906,2,1,1679,1,1532,18,53,16
2692,1906,3,7,2372,3,1983,24,51,23
2693,1906,4,8,1938,3,1372,16,52,15
2694,1907,1,1,1680,1,1990,24,58,22
2695,1908,2,1,1681,1,1687,20,53,19
2696,1908,3,7,2373,3,1836,22,51,21
2697,1908,4,7,2374,3,1765,21,55,20
2698,1909,4,7,2764,3,1526,18,47,16
2699,1910,2,1,1682,1,3793,55,94,53
2700,1910,3,7,2534,3,1124,13,50,11
2701,1910,4,7,2375,3,1910,23,51,22
2702,1911,2,1,1683,1,1275,15,36,11
2703,1911,3,6,2765,3,1689,20,55,18
2704,1911,4,7,2376,3,1984,24,52,23
2705,1912,1,1,1684,1,1282,15,43,12
2706,1912,2,3,2886,3,1364,16,44,15
2707,1912,3,6,2766,3,1587,19,30,17
2708,1914,4,1,1685,1,2260,28,46,27
2709,1914,4,1,1686,1,3500,49,68,48
2710,1916,1,2,1687,1,2128,26,53,25
2711,1916,2,3,2942,3,3067,41,47,39
2712,1916,3,3,2887,3,3487,49,55,47
2713,1918,2,7,2377,3,2059,25,55,21
2714,1919,1,1,1688,1,2349,29,67,27
2715,1919,3,7,2378,3,3201,43,72,41
2716,1921,1,1,1689,1,2200,27,55,25
2717,1923,2,6,2767,3,1765,21,55,20
2718,1923,3,7,2535,3,2057,25,53,24
2719,1924,1,2,1691,1,1453,17,53,14
2720,1924,2,1,1690,1,2551,32,71,31
2721,1924,3,7,2536,3,1835,22,50,21
2722,1924,4,7,2379,3,1681,20,47,18
2723,1925,1,1,1692,1,1125,13,51,11
2724,1926,1,2,1695,1,1433,17,33,16
2725,1926,3,1,1693,1,1658,20,24,19
2726,1926,3,1,1694,1,3328,45,94,44
2727,1927,1,2,1697,1,2470,31,55,30
2728,1927,2,7,2537,3,1605,19,48,17
2729,1927,3,1,1696,1,1527,18,48,16
2730,1928,1,1,1698,1,1916,23,57,21
2731,1929,1,1,1699,1,1612,19,55,18
2732,1929,2,1,1700,1,1689,20,55,19
2733,1929,3,7,2768,3,1606,19,49,17
2734,1930,1,1,1701,1,1694,20,60,18
2735,1933,3,2,1702,1,2062,25,58,24
2736,1934,2,3,2943,3,2203,27,58,26
2737,1934,4,7,2380,3,2268,28,54,27
2738,1935,1,1,1703,1,3286,45,52,44
2739,1935,2,1,1704,1,1382,16,62,14
2740,1935,3,3,2888,3,2714,35,45,33
2741,1935,4,3,2920,3,1679,20,45,19
2742,1935,4,3,2921,3,3487,49,55,48
2743,1936,2,1,1705,1,3471,48,87,46
2744,1936,4,7,2381,3,1834,22,49,21
2745,1937,1,1,1706,1,1914,23,55,21
2746,1937,2,1,1707,1,2066,25,62,24
2747,1937,3,7,2769,3,1526,18,47,17
2748,1938,1,3,2944,3,3457,48,73,47
2749,1939,2,1,1708,1,1209,14,52,12
2750,1942,1,1,1709,1,1990,24,58,23
2751,1942,2,6,2770,3,1685,20,51,19
2752,1942,3,7,2538,3,1526,18,47,17
2753,1943,1,2,1710,1,1776,21,66,20
2754,1943,2,7,2539,3,1450,17,50,16
2755,1943,3,7,2382,3,1909,23,50,21
2756,1946,2,1,1711,1,2131,26,56,25
2757,1946,3,7,2540,3,1760,21,50,20
2758,1946,4,7,2541,3,1687,20,53,19
2759,1951,1,2,1712,1,1767,21,57,20
2760,1952,1,1,1713,1,1995,24,63,23
2761,1953,3,7,2383,3,1603,19,46,18
2762,1953,4,7,2384,3,1760,21,50,20
2763,1954,1,1,1714,1,1256,15,17,14
2764,1954,1,1,1715,1,1765,21,55,20
2765,1954,2,1,1716,1,1914,23,55,22
2766,1954,3,7,2385,3,1758,21,48,20
2767,1956,1,1,1717,1,1433,17,33,16
2768,1956,1,1,1718,1,2785,36,55,35
2769,1956,2,1,1719,1,2062,25,58,22
2770,1957,4,8,1939,3,1534,18,55,17
2771,1958,1,1,1720,1,1918,23,59,20
2772,1958,2,1,1721,1,1378,16,58,15
2773,1958,3,3,2889,3,2721,35,52,34
2774,1958,4,7,2771,3,1682,20,48,18
2775,1959,1,1,1722,1,1259,15,20,14
2776,1959,1,1,1723,1,2473,31,58,30
2777,1959,3,7,2386,3,1525,18,46,14
2778,1962,2,1,1724,1,1361,16,41,15
2779,1962,3,8,1940,3,1983,24,51,23
2780,1962,4,7,2542,3,1986,24,54,23
2781,1963,1,1,1725,3,2964,39,57,38
2782,1963,1,1,1726,1,4609,87,94,85
2783,1963,2,1,1727,1,1037,12,47,9
2784,1963,3,6,2772,3,1605,19,48,18
2785,1963,4,6,2773,3,1526,18,47,17
2786,1964,3,3,2890,3,2655,34,48,33
2787,1964,4,3,2891,3,2039,25,35,24
2788,1965,1,2,1728,1,1039,12,49,11
2789,1966,2,6,2774,3,1447,17,47,16
2790,1966,3,7,2775,3,1684,20,50,19
2791,1966,4,7,2387,3,2058,25,54,24
2792,1970,1,1,1729,1,1369,16,49,15
2793,1970,2,2,1730,1,1122,13,48,12
2794,1970,3,6,2776,3,1524,18,45,17
2795,1971,1,1,1731,1,1692,20,58,19
2796,1971,2,1,1732,1,1534,18,55,17
2797,1971,3,7,2777,3,2057,25,53,24
2798,1973,1,3,2922,3,2952,39,45,38
2799,1973,2,1,1733,1,1778,21,68,20
2800,1974,1,1,1734,1,1530,18,51,17
2801,1974,1,1,1735,1,3736,54,79,53
2802,1974,2,1,1736,1,1692,20,58,19
2803,1975,1,1,1737,1,1376,16,56,14
2804,1975,2,1,1738,1,1693,20,59,19
2805,1976,1,1,1739,1,1378,16,58,15
2806,1976,2,2,1740,1,1343,16,23,15
2807,1976,3,7,2778,3,1758,21,48,20
2808,1980,1,1,1741,1,2207,27,62,25
2809,1980,2,1,1742,1,1733,21,23,20
2810,1980,2,1,1743,1,2278,28,64,27
2811,1982,3,6,2849,3,1604,19,47,18
2812,1986,2,1,1744,1,2065,25,61,20
2813,1987,1,1,1745,1,1612,19,55,18
2814,1987,2,1,1746,1,1532,18,53,16
2815,1991,2,1,1747,1,1224,14,67,13
2816,1994,1,1,1748,1,3132,42,57,41
2817,1994,2,1,1749,1,3627,52,57,51
2818,1997,1,1,1750,1,3447,48,63,47
2819,1997,2,1,1751,1,1767,21,57,20
2820,1999,1,1,1752,1,1210,14,53,13
2821,1999,2,2,1753,1,3815,56,75,55
2822,2000,1,1,1754,1,1613,19,56,18
2823,2000,2,1,1755,1,1618,19,61,18
2824,2001,1,1,1756,1,2350,29,68,28
2825,2001,2,1,1757,1,2477,31,62,30
2826,2002,1,1,1758,1,1441,17,41,16
2827,2002,1,1,1759,1,3365,46,80,45
2828,2002,2,1,1760,1,2112,26,37,24
2829,2002,2,1,1761,1,3588,51,63,49
2830,2002,3,8,1941,3,1770,21,60,20
2831,2003,1,1,1762,1,2743,35,74,32
2832,2003,2,1,1763,1,2042,25,38,24
2833,2005,2,2,1764,1,2393,30,44,29
2834,2006,1,2,1765,1,1377,16,57,15
2835,2006,3,6,2779,3,1526,18,47,17
2836,2007,1,2,1769,1,1838,22,53,21
2837,2007,2,1,1766,1,1694,20,60,19
2838,2007,3,1,1767,1,1586,19,29,18
2839,2007,3,1,1768,1,2800,36,70,35
2840,2008,2,1,1770,1,1687,20,53,19
2841,2009,1,1,1771,1,2136,26,61,25
2842,2013,3,6,2850,3,1601,19,44,18
2843,2013,4,6,2851,3,1757,21,47,19
2844,2013,5,7,2388,3,1612,19,55,18
2845,2014,2,1,1772,1,1765,21,55,20
2846,2014,3,6,2780,3,1606,19,49,18
2847,2014,4,7,2543,3,1602,19,45,18
2848,2016,1,1,1773,1,2345,29,63,28
2849,2016,2,1,1774,1,2203,27,58,26
2850,2016,3,7,2389,3,1910,23,51,22
2851,2017,1,1,1775,1,1438,17,38,16
2852,2017,1,1,1776,1,3442,48,58,47
2853,2017,2,1,1777,1,1534,18,55,17
2854,2019,1,1,1778,1,1534,18,55,17
2855,2020,1,2,1780,1,1459,17,59,15
2856,2020,2,7,2544,3,1683,20,49,19
2857,2020,3,1,1779,1,1244,14,87,13
2858,2022,2,1,1781,1,1921,23,62,21
2859,2024,4,7,2781,3,1837,22,52,20
2860,2024,5,2,1782,1,2411,30,62,26
2861,2026,1,1,1783,1,1366,16,46,15
2862,2026,2,2,1784,1,770,9,38,8
2863,2026,3,7,2782,3,1458,17,58,16
2864,2035,1,1,1785,1,1758,21,48,20
2865,2035,2,1,1786,1,1288,15,49,14
2866,2037,1,1,1787,1,1539,18,60,17
2867,2037,3,3,2892,3,2054,25,50,23
2868,2037,4,3,2893,3,2051,25,47,24
2869,2037,4,3,2894,3,3627,52,57,51
2870,2039,1,1,1788,1,1219,14,62,11
2871,2039,2,1,1789,1,1288,15,49,12
2872,2041,4,7,2390,3,1689,20,55,19
2873,2043,1,1,1790,1,1769,21,59,20
2874,2044,1,1,1791,1,1583,19,26,18
2875,2044,2,1,1792,1,2324,29,42,27
2876,2044,2,1,1793,1,3565,50,86,48
2877,2044,3,7,2391,3,1446,17,46,16
2878,2044,4,7,2392,3,1604,19,47,18
2879,2045,1,2,1794,1,2189,27,44,26
2880,2046,1,1,1795,1,1689,20,55,17
2881,2047,1,1,1796,1,3363,46,78,44
2882,2047,2,1,1797,1,2671,34,64,33
2883,2047,3,1,1798,1,3397,47,62,46
2884,2048,2,1,1799,1,1830,22,45,19
2885,2048,3,7,2393,3,1912,23,53,22
2886,2048,4,8,1942,3,2958,39,51,38
2887,2050,1,1,1800,1,1536,18,57,17
2888,2050,2,1,1801,1,1838,22,53,19
2889,2050,3,7,2394,3,1855,22,70,21
2890,2050,4,7,2395,3,1911,23,52,22
2891,2053,1,1,1802,1,1767,21,57,18
2892,2053,2,2,1803,1,1737,21,27,20
2893,2053,3,7,2396,3,1762,21,52,20
2894,2054,2,1,1804,1,1899,23,40,21
2895,2054,3,1,1805,1,1534,18,55,17
2896,2055,1,1,1806,1,3197,43,68,40
2897,2055,2,1,1807,1,2136,26,61,25
2898,2057,2,1,1808,1,1370,16,50,15
2899,2058,2,3,2945,3,3959,60,65,56
2900,2060,1,1,1809,1,2851,37,61,36
2901,2060,2,1,1810,1,1751,21,41,18
2902,2061,2,1,1811,1,1766,21,56,18
2903,2061,3,7,2397,3,1908,23,49,22
2904,2061,4,7,2398,3,1758,21,48,20
2905,2062,1,1,1812,1,2417,30,68,29
2906,2066,1,2,1814,1,1894,23,35,22
2907,2066,2,1,1813,1,2069,25,65,24
2908,2068,1,1,1815,1,3301,45,67,44
2909,2068,2,1,1816,1,1205,14,48,13
2910,2069,3,7,2399,3,1681,20,47,19
2911,2070,1,1,1817,1,3831,56,91,55
2912,2071,1,1,1818,1,1296,15,57,14
2913,2074,1,1,1819,1,1452,17,52,16
2914,2075,1,1,1820,1,2207,27,62,26
2915,2076,1,2,1821,1,1204,14,47,13
2916,2076,3,2,1822,1,1529,18,50,17
2917,2077,1,1,1823,1,1842,22,57,21
2918,2077,1,1,1824,1,4023,61,93,60
2919,2078,1,1,1825,1,1585,19,28,18
2920,2078,1,1,1826,1,3428,47,93,46
2921,2078,4,3,2895,3,2258,28,44,26
2922,2080,1,1,1827,1,1611,19,54,18
2923,2080,4,7,2400,3,1834,22,49,21
2924,2080,5,7,2401,3,1983,24,51,23
2925,2080,6,8,1943,3,2958,39,51,38
2926,2081,1,1,1828,1,1846,22,61,19
2927,2082,1,1,1829,1,2805,36,75,35
2928,2083,1,1,1830,1,1687,20,53,19
2929,2084,2,1,1831,1,1745,21,35,18
2930,2084,2,1,1832,1,3076,41,56,38
2931,2084,4,6,2783,3,1983,24,51,22
2932,2087,1,1,1833,1,2220,27,75,26
2933,2088,1,1,1834,1,1613,19,56,18
2934,2090,1,1,1835,1,1688,20,54,19
2935,2090,2,1,1836,1,1685,20,51,19
2936,2090,2,1,1837,1,3880,58,61,57
2937,2091,1,1,1838,1,1041,12,51,11
2938,2091,2,1,1839,1,1843,22,58,19
2939,2092,1,1,1840,1,1738,21,28,20
2940,2092,1,1,1841,1,3343,46,58,45
2941,2092,2,1,1842,1,1844,22,59,21
2942,2093,1,1,1843,1,2603,33,59,32
2943,2093,2,1,1844,1,1993,24,61,23
2944,2094,1,1,1845,1,1840,22,55,18
2945,2094,3,6,2852,3,1606,19,49,17
2946,2094,4,1,1846,1,1370,16,50,13
2947,2095,1,3,2896,3,2115,26,40,24
2948,2096,1,1,1847,1,3220,43,91,42
2949,2096,2,1,1848,1,1452,17,52,13
2950,2097,1,1,1849,1,1611,19,54,15
2951,2098,1,1,1850,1,2189,27,44,26
2952,2099,2,1,1851,1,2205,27,60,26
2953,2099,3,3,2897,3,2899,38,50,37
2954,2099,3,3,2898,3,4020,61,90,60
2955,2100,1,1,1852,1,1691,20,57,19
