hhid,jointTourNum,chauffPnum,passPnums,partySize,partyType,party,origTaz,origMaz,primaryDestTaz,primaryDestMaz,tourPurpose,chauffTourMode,passTourMode,prelimDepartInterval,finalDepartMinute,prelimArriveInterval,finalArriveMinute,totalObStops,totalIbStops,obStopSeq,ibStopSeq
23,1,2,"[ 4,1 ]",3,3,"[ 2,4,1 ]",16,23354,165,23084,6,3,4,61,915.0,69,1030,0,0,"[0-6]","[6-0]"
29,1,1,"[ 5,8 ]",3,3,"[ 1,5,8 ]",16,23473,17,23643,7,14,14,67,993.0,74,1107,1,2,"[0-5-7]","[7-5-5-0]"
29,2,2,"[ 8 ]",2,3,"[ 2,8 ]",16,23473,18,22250,5,2,4,76,1128.0,82,1227,0,2,"[0-5]","[5-6-5-0]"
39,1,2,"[ 1 ]",2,1,"[ 2,1 ]",17,23643,135,23656,6,2,4,25,372.0,33,487,0,5,"[0-6]","[6-7-5-9-5-7-0]"
43,1,1,"[ 2 ]",2,1,"[ 1,2 ]",17,23747,67,25061,9,2,4,62,923.0,71,1052,0,1,"[0-9]","[9-5-0]"
46,1,2,"[ 4,3 ]",3,3,"[ 2,4,3 ]",18,22250,18,22250,7,14,14,55,821.0,66,981,0,5,"[0-7]","[7-5-5-5-5-5-0]"
46,2,2,"[ 4 ]",2,3,"[ 2,4 ]",18,22250,18,22384,6,14,14,67,1001.0,74,1101,0,5,"[0-6]","[6-5-5-5-5-5-0]"
61,1,1,"[ 2,4 ]",3,3,"[ 1,2,4 ]",20,23881,134,23283,6,3,4,53,789.0,67,993,0,4,"[0-6]","[6-5-5-5-7-0]"
62,1,1,"[ 2 ]",2,1,"[ 1,2 ]",20,23930,18,22250,5,2,4,64,951.0,71,1051,1,4,"[0-6-5]","[5-6-5-7-5-0]"
63,1,1,"[ 2 ]",2,1,"[ 1,2 ]",20,23930,18,22250,5,3,4,34,509.0,44,654,1,3,"[0-9-5]","[5-5-5-5-0]"
69,1,2,"[ 4 ]",2,3,"[ 2,4 ]",21,23934,134,23208,6,3,4,63,943.0,66,983,0,2,"[0-6]","[6-5-6-0]"
96,1,2,"[ 1 ]",2,1,"[ 2,1 ]",23,23415,18,22250,5,3,4,22,326.0,33,485,1,4,"[0-8-5]","[5-5-6-5-5-0]"
100,1,1,"[ 2 ]",2,1,"[ 1,2 ]",23,23522,18,22250,5,2,4,63,943.0,70,1043,0,5,"[0-5]","[5-5-9-5-5-5-0]"
130,1,1,"[ 3,4 ]",3,3,"[ 1,3,4 ]",30,21957,117,22133,9,3,4,52,776.0,72,1070,0,1,"[0-9]","[9-5-0]"
138,1,2,"[ 1 ]",2,1,"[ 2,1 ]",33,23787,92,23756,6,2,4,34,500.0,45,674,0,3,"[0-6]","[6-5-5-7-0]"
139,1,1,"[ 2 ]",2,1,"[ 1,2 ]",33,23922,134,23208,6,2,4,5,64.0,17,253,0,2,"[0-6]","[6-5-5-0]"
142,1,1,"[ 2 ]",2,1,"[ 1,2 ]",33,23922,29,23126,9,2,4,64,952.0,72,1067,1,0,"[0-5-9]","[9-0]"
146,1,1,"[ 2,4 ]",3,3,"[ 1,2,4 ]",33,24467,59,24511,6,3,4,77,1152.0,80,1192,0,0,"[0-6]","[6-0]"
148,1,1,"[ 2 ]",2,1,"[ 1,2 ]",34,24127,11,23757,7,2,4,63,944.0,65,968,0,0,"[0-7]","[7-0]"
148,2,2,"[ 3 ]",2,3,"[ 2,3 ]",34,24127,134,23283,6,2,4,57,854.0,61,908,0,0,"[0-6]","[6-0]"
164,1,1,"[ 3,2 ]",3,1,"[ 1,3,2 ]",37,24168,134,23208,6,3,4,35,521.0,37,546,1,0,"[0-5-6]","[6-0]"
164,2,1,"[ 3 ]",2,1,"[ 1,3 ]",37,24168,57,24557,8,2,4,61,911.0,73,1086,0,2,"[0-8]","[8-7-5-0]"
168,1,2,"[ 3 ]",2,3,"[ 2,3 ]",38,24320,34,24086,9,14,14,61,901.0,72,1075,0,3,"[0-9]","[9-6-6-6-0]"
171,1,2,"[ 3 ]",2,3,"[ 2,3 ]",38,24438,206,22363,9,2,4,30,443.0,37,542,1,2,"[0-5-9]","[9-6-6-0]"
171,2,2,"[ 3 ]",2,3,"[ 2,3 ]",38,24438,385,23291,9,2,4,55,818.0,73,1082,0,1,"[0-9]","[9-6-0]"
173,1,1,"[ 3 ]",2,3,"[ 1,3 ]",38,24474,134,23208,7,3,4,60,894.0,74,1098,4,1,"[0-6-6-6-6-7]","[7-6-0]"
173,2,2,"[ 3 ]",2,3,"[ 2,3 ]",38,24474,58,24878,7,2,4,75,1119.0,81,1203,0,3,"[0-7]","[7-7-6-5-0]"
175,1,2,"[ 3 ]",2,3,"[ 2,3 ]",40,24885,17,23643,5,2,4,51,751.0,53,791,0,0,"[0-5]","[5-0]"
183,1,2,"[ 3,4 ]",3,3,"[ 2,3,4 ]",42,24470,134,23283,6,3,4,54,803.0,58,857,0,5,"[0-6]","[6-6-6-6-6-6-0]"
187,1,1,"[ 5 ]",2,3,"[ 1,5 ]",44,25072,119,22492,9,2,4,56,840.0,76,1134,2,2,"[0-7-5-9]","[9-5-5-0]"
195,1,1,"[ 5 ]",2,3,"[ 1,5 ]",44,25174,18,22250,5,3,4,62,925.0,67,995,2,2,"[0-6-5-5]","[5-5-5-0]"
196,1,2,"[ 1,4 ]",3,1,"[ 2,1,4 ]",44,25321,134,23283,6,3,4,52,768.0,59,883,0,2,"[0-6]","[6-7-5-0]"
197,1,1,"[ 6 ]",2,3,"[ 1,6 ]",44,25321,57,24800,6,2,4,62,924.0,65,964,1,4,"[0-6-6]","[6-6-6-6-5-0]"
197,2,1,"[ 4 ]",2,3,"[ 1,4 ]",44,25321,200,22261,7,2,4,70,1044.0,75,1114,0,0,"[0-7]","[7-0]"
199,1,1,"[ 2 ]",2,1,"[ 1,2 ]",45,25143,163,23403,8,3,4,56,838.0,80,1193,2,3,"[0-8-7-8]","[8-5-5-7-0]"
201,1,1,"[ 2 ]",2,1,"[ 1,2 ]",47,25078,18,22250,5,2,4,32,471.0,42,630,2,2,"[0-5-5-5]","[5-5-5-0]"
208,1,1,"[ 3 ]",2,3,"[ 1,3 ]",48,25470,49,25524,8,2,4,61,911.0,68,1011,0,0,"[0-8]","[8-0]"
211,1,1,"[ 4 ]",2,3,"[ 1,4 ]",48,25631,14,23658,8,2,4,64,948.0,69,1032,0,0,"[0-8]","[8-0]"
220,1,1,"[ 3 ]",2,3,"[ 1,3 ]",50,25640,39,24826,6,2,4,36,529.0,37,554,0,0,"[0-6]","[6-0]"
220,2,2,"[ 1 ]",2,1,"[ 2,1 ]",50,25640,59,24577,6,2,4,61,904.0,69,1034,0,4,"[0-6]","[6-6-6-6-6-0]"
227,1,2,"[ 3,4 ]",3,3,"[ 2,3,4 ]",51,25644,352,26140,6,3,4,75,1122.0,81,1206,0,0,"[0-6]","[6-0]"
228,1,1,"[ 5,6,2 ]",4,3,"[ 1,5,6,2 ]",51,25644,147,22458,5,3,4,55,813.0,61,912,0,5,"[0-5]","[5-5-5-5-5-5-0]"
228,2,2,"[ 4 ]",2,3,"[ 2,4 ]",51,25644,57,24801,6,2,4,65,963.0,76,1137,0,5,"[0-6]","[6-7-6-6-6-7-0]"
237,1,2,"[ 3,5 ]",3,3,"[ 2,3,5 ]",55,24177,174,25163,5,3,4,33,482.0,42,626,1,4,"[0-7-5]","[5-5-6-5-5-0]"
237,2,3,"[ 5,6 ]",3,3,"[ 3,5,6 ]",55,24177,15,23940,5,3,4,50,737.0,61,911,3,2,"[0-6-7-9-5]","[5-7-7-0]"
240,1,1,"[ 4 ]",2,3,"[ 1,4 ]",55,24198,174,25163,5,2,4,61,914.0,70,1044,3,2,"[0-7-6-7-5]","[5-5-6-0]"
248,1,2,"[ 4 ]",2,3,"[ 2,4 ]",55,24267,78,24217,9,3,4,55,824.0,66,984,1,3,"[0-6-9]","[9-9-5-5-0]"
264,1,1,"[ 2 ]",2,1,"[ 1,2 ]",55,24452,18,22250,5,3,4,28,419.0,37,549,2,3,"[0-7-6-5]","[5-5-5-5-0]"
264,2,1,"[ 3 ]",2,3,"[ 1,3 ]",55,24452,134,23159,8,2,4,62,929.0,78,1164,0,0,"[0-8]","[8-0]"
265,1,1,"[ 3 ]",2,1,"[ 1,3 ]",57,24306,186,23464,7,2,4,52,770.0,63,945,0,5,"[0-7]","[7-5-5-5-5-5-0]"
274,1,2,"[ 5,6,3 ]",4,3,"[ 2,5,6,3 ]",57,24712,174,25197,5,3,4,55,819.0,64,948,0,3,"[0-5]","[5-5-5-5-0]"
281,1,1,"[ 4 ]",2,3,"[ 1,4 ]",57,24755,134,23283,6,2,4,62,925.0,64,949,0,1,"[0-6]","[6-6-0]"
282,1,1,"[ 5 ]",2,3,"[ 1,5 ]",57,24800,66,25124,7,2,4,61,902.0,70,1047,0,2,"[0-7]","[7-5-6-0]"
284,1,1,"[ 4,5 ]",3,3,"[ 1,4,5 ]",58,24832,134,23155,6,3,4,61,908.0,68,1007,5,0,"[0-6-8-6-6-6-6]","[6-0]"
286,1,1,"[ 2 ]",2,1,"[ 1,2 ]",58,24857,174,25163,5,3,4,70,1048.0,77,1148,0,5,"[0-5]","[5-7-5-6-6-5-0]"
292,1,1,"[ 2 ]",2,1,"[ 1,2 ]",58,24881,59,24650,6,2,4,52,768.0,61,913,1,3,"[0-6-6]","[6-6-7-5-0]"
292,2,2,"[ 4,3 ]",3,3,"[ 2,4,3 ]",58,24881,66,25124,5,3,4,25,363.0,38,568,5,0,"[0-5-7-5-5-5-5]","[5-0]"
299,1,1,"[ 2 ]",2,1,"[ 1,2 ]",63,25093,92,23756,6,3,4,34,497.0,51,762,0,4,"[0-6]","[6-5-7-7-5-0]"
305,1,1,"[ 2 ]",2,1,"[ 1,2 ]",63,25122,134,23208,6,2,4,55,819.0,61,904,0,5,"[0-6]","[6-6-7-7-7-7-0]"
307,1,1,"[ 3 ]",2,3,"[ 1,3 ]",63,25141,172,25193,9,2,4,62,919.0,71,1063,0,5,"[0-9]","[9-6-5-7-7-5-0]"
309,1,1,"[ 2 ]",2,1,"[ 1,2 ]",64,25485,174,25163,5,3,4,55,824.0,67,999,1,4,"[0-5-5]","[5-7-5-7-5-0]"
310,1,1,"[ 6,2,3 ]",4,3,"[ 1,6,2,3 ]",64,25485,48,25470,9,3,4,64,958.0,71,1058,0,0,"[0-9]","[9-0]"
310,2,2,"[ 3,5,6 ]",4,3,"[ 2,3,5,6 ]",64,25485,174,25163,5,3,4,34,508.0,40,593,0,4,"[0-5]","[5-5-7-7-6-0]"
318,1,1,"[ 2 ]",2,1,"[ 1,2 ]",65,25346,174,25197,5,2,4,19,276.0,29,421,0,4,"[0-5]","[5-5-5-5-5-0]"
319,1,2,"[ 4,3 ]",3,3,"[ 2,4,3 ]",65,25388,174,25163,5,3,4,31,464.0,43,638,0,5,"[0-5]","[5-6-5-7-5-5-0]"
329,1,1,"[ 3 ]",2,3,"[ 1,3 ]",65,25449,174,25163,5,2,4,33,494.0,38,564,0,2,"[0-5]","[5-5-7-0]"
329,2,1,"[ 4 ]",2,3,"[ 1,4 ]",65,25449,59,24650,6,2,4,47,704.0,53,789,0,3,"[0-6]","[6-6-5-7-0]"
357,1,1,"[ 3,6,4,7,8 ]",6,3,"[ 1,3,6,4,7,8 ]",77,24002,178,23542,7,3,4,62,917.0,74,1107,0,0,"[0-7]","[7-0]"
357,2,3,"[ 6,7 ]",3,3,"[ 3,6,7 ]",77,24002,15,23891,8,3,4,50,737.0,53,792,1,0,"[0-8-8]","[8-0]"
361,1,4,"[ 2 ]",2,3,"[ 4,2 ]",78,24001,134,23159,6,2,4,63,931.0,73,1090,5,0,"[0-6-6-6-7-6-6]","[6-0]"
366,1,2,"[ 3 ]",2,3,"[ 2,3 ]",78,24067,174,25163,5,2,4,31,455.0,46,689,1,4,"[0-6-5]","[5-7-7-7-5-0]"
370,1,2,"[ 1 ]",2,1,"[ 2,1 ]",78,24140,61,24818,6,14,14,29,422.0,34,506,0,4,"[0-6]","[6-5-5-5-5-0]"
382,1,2,"[ 1 ]",2,1,"[ 2,1 ]",78,24251,134,23283,6,3,4,36,536.0,42,620,0,1,"[0-6]","[6-5-0]"
386,1,1,"[ 4 ]",2,3,"[ 1,4 ]",78,24342,76,23849,9,2,4,51,757.0,76,1127,1,0,"[0-9-9]","[9-0]"
387,1,1,"[ 2 ]",2,1,"[ 1,2 ]",78,24392,94,23540,9,2,4,54,809.0,75,1118,2,3,"[0-9-9-9]","[9-7-5-5-0]"
391,1,1,"[ 5 ]",2,3,"[ 1,5 ]",78,24427,184,23343,6,2,4,57,855.0,60,895,0,4,"[0-6]","[6-5-6-6-8-0]"
391,2,2,"[ 5 ]",2,3,"[ 2,5 ]",78,24427,174,25197,5,3,4,62,930.0,71,1060,4,0,"[0-5-5-5-5-5]","[5-0]"
392,1,1,"[ 2 ]",2,1,"[ 1,2 ]",78,24428,207,22179,5,2,4,33,481.0,61,911,1,4,"[0-6-5]","[5-5-7-5-9-0]"
393,1,1,"[ 2 ]",2,1,"[ 1,2 ]",78,24428,67,25061,5,3,4,57,844.0,64,958,3,1,"[0-5-9-5-5]","[5-6-0]"
401,1,1,"[ 2,3,4 ]",4,3,"[ 1,2,3,4 ]",79,24310,392,25447,9,3,4,56,837.0,73,1087,1,0,"[0-6-9]","[9-0]"
421,1,1,"[ 3,2 ]",3,1,"[ 1,3,2 ]",80,24053,174,25163,5,3,4,26,382.0,45,662,0,5,"[0-5]","[5-6-5-7-9-5-0]"
430,1,2,"[ 3 ]",2,3,"[ 2,3 ]",81,23824,145,22113,5,2,4,69,1026.0,74,1110,3,2,"[0-6-6-6-5]","[5-6-7-0]"
450,1,1,"[ 2 ]",2,3,"[ 1,2 ]",83,24469,63,25122,5,3,4,9,125.0,19,285,1,2,"[0-5-5]","[5-5-5-0]"
460,1,1,"[ 2 ]",2,3,"[ 1,2 ]",87,24788,83,24105,6,3,4,59,872.0,60,896,0,0,"[0-6]","[6-0]"
467,1,1,"[ 2 ]",2,1,"[ 1,2 ]",88,25316,17,23643,5,2,4,34,501.0,44,646,2,2,"[0-5-5-5]","[5-5-5-0]"
472,1,1,"[ 2 ]",2,3,"[ 1,2 ]",89,23698,100,22658,6,3,4,61,912.0,67,996,0,4,"[0-6]","[6-5-7-6-6-0]"
477,1,1,"[ 5,3 ]",3,3,"[ 1,5,3 ]",91,25546,144,22884,6,3,4,54,810.0,61,910,2,0,"[0-5-5-6]","[6-0]"
477,2,2,"[ 5,4 ]",3,3,"[ 2,5,4 ]",91,25546,167,24667,5,3,4,62,930.0,67,1000,1,0,"[0-5-5]","[5-0]"
481,1,1,"[ 3 ]",2,3,"[ 1,3 ]",94,23653,134,23283,6,14,14,61,907.0,73,1081,1,4,"[0-6-6]","[6-6-6-7-7-0]"
485,1,2,"[ 4,3 ]",3,3,"[ 2,4,3 ]",95,23263,18,22250,5,3,4,36,536.0,41,606,0,5,"[0-5]","[5-5-5-9-5-5-0]"
485,2,2,"[ 4,3 ]",3,3,"[ 2,4,3 ]",95,23263,83,24617,8,3,4,48,716.0,73,1086,1,3,"[0-7-8]","[8-6-6-7-0]"
487,1,2,"[ 3 ]",2,3,"[ 2,3 ]",95,23307,60,24773,5,5,5,33,486.0,37,555,3,1,"[0-7-6-5-5]","[5-6-0]"
489,1,2,"[ 3 ]",2,3,"[ 2,3 ]",95,23351,67,25061,7,14,14,71,1054.0,75,1123,0,1,"[0-7]","[7-5-0]"
489,2,3,"[ 4 ]",2,2,"[ 3,4 ]",95,23351,193,22267,5,14,14,57,844.0,60,898,0,0,"[0-5]","[5-0]"
492,1,1,"[ 2 ]",2,1,"[ 1,2 ]",95,23383,18,22327,5,5,5,35,520.0,40,589,1,3,"[0-9-5]","[5-5-5-5-0]"
493,1,1,"[ 2 ]",2,1,"[ 1,2 ]",95,23383,174,25163,5,2,4,27,405.0,37,549,2,3,"[0-5-7-5]","[5-5-5-5-0]"
493,2,2,"[ 4 ]",2,1,"[ 2,4 ]",95,23383,108,23287,6,2,4,40,600.0,42,624,0,1,"[0-6]","[6-5-0]"
497,1,1,"[ 2 ]",2,3,"[ 1,2 ]",96,23447,178,23446,6,3,4,65,975.0,73,1089,0,5,"[0-6]","[6-6-6-6-6-6-0]"
503,1,2,"[ 1 ]",2,1,"[ 2,1 ]",96,23550,18,22250,5,3,4,59,874.0,67,1003,1,13,"[0-8-5]","[5-6-6-5-6-5-6-6-6-5-5-5-5-5-0]"
505,1,2,"[ 1 ]",2,1,"[ 2,1 ]",96,23600,187,23715,6,2,4,36,536.0,44,651,1,4,"[0-6-6]","[6-6-6-7-6-0]"
508,1,2,"[ 3 ]",2,3,"[ 2,3 ]",96,23727,97,23836,9,2,4,59,880.0,66,979,0,0,"[0-9]","[9-0]"
520,1,6,"[ 4 ]",2,3,"[ 6,4 ]",102,22173,165,23212,8,2,4,76,1137.0,89,1327,1,2,"[0-5-8]","[8-5-5-0]"
520,2,6,"[ 5 ]",2,3,"[ 6,5 ]",102,22173,101,22332,8,2,4,58,867.0,73,1087,0,5,"[0-8]","[8-7-8-5-5-6-0]"
521,1,1,"[ 2 ]",2,1,"[ 1,2 ]",102,22256,121,22021,9,3,4,59,884.0,67,998,0,2,"[0-9]","[9-8-6-0]"
521,2,2,"[ 3 ]",2,1,"[ 2,3 ]",102,22256,96,23488,8,3,4,16,239.0,41,608,0,5,"[0-8]","[8-6-5-5-5-6-0]"
523,1,2,"[ 1,4 ]",3,3,"[ 2,1,4 ]",102,22293,193,22267,6,3,4,29,424.0,36,539,1,0,"[0-7-6]","[6-0]"
523,2,2,"[ 5,4 ]",3,3,"[ 2,5,4 ]",102,22293,196,22045,5,3,4,75,1114.0,81,1214,5,0,"[0-9-5-5-5-5-5]","[5-0]"
525,1,4,"[ 5 ]",2,2,"[ 4,5 ]",102,22293,17,23643,7,16,16,57,845.0,76,1140,0,0,"[0-7]","[7-0]"
534,1,2,"[ 1,3,5,4 ]",5,3,"[ 2,1,3,5,4 ]",105,22104,206,22397,9,3,4,57,844.0,65,973,1,1,"[0-6-9]","[9-6-0]"
535,1,2,"[ 1 ]",2,1,"[ 2,1 ]",105,22104,92,23752,6,2,4,79,1185.0,84,1254,0,1,"[0-6]","[6-6-0]"
536,1,1,"[ 3,2 ]",3,3,"[ 1,3,2 ]",105,22104,18,22250,6,3,4,63,934.0,69,1033,2,3,"[0-6-5-6]","[6-5-5-5-0]"
536,2,5,"[ 4 ]",2,3,"[ 5,4 ]",105,22104,172,25243,6,3,4,58,859.0,60,898,1,1,"[0-6-6]","[6-5-0]"
543,1,1,"[ 3 ]",2,3,"[ 1,3 ]",106,22352,106,22623,7,14,14,72,1073.0,78,1157,0,0,"[0-7]","[7-0]"
559,1,2,"[ 1 ]",2,1,"[ 2,1 ]",106,22812,18,22250,5,2,4,30,450.0,48,714,1,4,"[0-7-5]","[5-5-5-5-7-0]"
577,1,1,"[ 3 ]",2,3,"[ 1,3 ]",107,23192,174,25163,5,2,4,35,513.0,39,583,0,0,"[0-5]","[5-0]"
585,1,2,"[ 1 ]",2,1,"[ 2,1 ]",110,23526,185,23445,5,2,4,32,470.0,41,615,1,4,"[0-6-5]","[5-6-6-6-7-0]"
618,1,1,"[ 7,2,4 ]",4,3,"[ 1,7,2,4 ]",114,22837,17,23643,5,3,4,7,104.0,14,204,1,1,"[0-5-5]","[5-5-0]"
625,1,6,"[ 4,1,5 ]",4,3,"[ 6,4,1,5 ]",114,22950,207,22179,5,3,4,29,430.0,41,604,0,5,"[0-5]","[5-6-5-5-7-5-0]"
625,2,1,"[ 3 ]",2,3,"[ 1,3 ]",114,22950,206,22363,5,3,4,54,805.0,61,904,2,1,"[0-5-5-5]","[5-7-0]"
639,1,4,"[ 2 ]",2,3,"[ 4,2 ]",115,22553,114,22949,9,2,4,61,902.0,65,971,0,0,"[0-9]","[9-0]"
641,1,1,"[ 5,7 ]",3,3,"[ 1,5,7 ]",115,22615,134,23208,6,3,4,52,772.0,63,932,2,3,"[0-7-6-6]","[6-5-6-5-0]"
641,2,2,"[ 6 ]",2,3,"[ 2,6 ]",115,22615,184,23343,6,14,14,63,937.0,68,1007,0,2,"[0-6]","[6-6-6-0]"
642,1,5,"[ 4,1,3,2 ]",5,3,"[ 5,4,1,3,2 ]",115,22638,17,23643,5,3,4,63,931.0,73,1090,3,2,"[0-5-6-5-5]","[5-5-5-0]"
650,1,1,"[ 2 ]",2,1,"[ 1,2 ]",115,22738,207,22179,5,2,4,33,492.0,44,652,1,4,"[0-6-5]","[5-5-5-6-5-0]"
652,1,5,"[ 4 ]",2,3,"[ 5,4 ]",116,22654,193,22267,6,2,4,58,862.0,68,1007,0,4,"[0-6]","[6-5-7-7-5-0]"
655,1,1,"[ 3 ]",2,3,"[ 1,3 ]",116,22665,134,23208,6,3,4,56,831.0,59,871,2,0,"[0-7-6-6]","[6-0]"
660,1,1,"[ 5,2,3 ]",4,3,"[ 1,5,2,3 ]",118,22161,101,22333,9,3,4,61,911.0,74,1100,0,0,"[0-9]","[9-0]"
661,1,1,"[ 3,4,5,2 ]",5,3,"[ 1,3,4,5,2 ]",118,22161,208,22473,6,3,4,45,669.0,58,858,0,5,"[0-6]","[6-5-6-6-6-5-0]"
662,1,1,"[ 3,4 ]",3,3,"[ 1,3,4 ]",118,22162,18,22250,5,3,4,62,922.0,74,1097,3,2,"[0-5-5-6-5]","[5-5-5-0]"
662,2,2,"[ 5 ]",2,3,"[ 2,5 ]",118,22162,149,21884,5,2,4,63,937.0,67,992,0,0,"[0-5]","[5-0]"
663,1,2,"[ 5 ]",2,3,"[ 2,5 ]",118,22164,193,22267,5,3,4,25,363.0,36,537,0,4,"[0-5]","[5-5-5-5-5-0]"
666,1,4,"[ 6 ]",2,3,"[ 4,6 ]",118,22165,120,22187,8,3,4,59,880.0,75,1114,0,5,"[0-8]","[8-5-5-9-5-5-0]"
667,1,1,"[ 4 ]",2,3,"[ 1,4 ]",118,22165,150,22182,5,3,4,61,903.0,65,972,1,0,"[0-5-5]","[5-0]"
667,2,1,"[ 3 ]",2,3,"[ 1,3 ]",118,22165,142,22275,6,14,14,67,993.0,71,1062,0,2,"[0-6]","[6-6-6-0]"
668,1,1,"[ 4 ]",2,3,"[ 1,4 ]",118,22165,117,22133,9,3,4,3,40.0,13,185,1,1,"[0-6-9]","[9-5-0]"
668,2,2,"[ 5,4 ]",3,3,"[ 2,5,4 ]",118,22165,118,22155,7,14,14,67,1000.0,75,1115,0,0,"[0-7]","[7-0]"
669,1,2,"[ 1,7 ]",3,3,"[ 2,1,7 ]",118,22165,145,22113,5,3,4,64,946.0,70,1046,1,3,"[0-5-5]","[5-5-5-7-0]"
669,2,4,"[ 6 ]",2,2,"[ 4,6 ]",118,22165,18,22250,5,5,5,62,916.0,75,1121,5,0,"[0-7-5-5-5-5-5]","[5-0]"
671,1,2,"[ 3,4,5 ]",4,3,"[ 2,3,4,5 ]",118,22166,101,22333,7,3,4,75,1123.0,87,1297,0,3,"[0-7]","[7-6-8-5-0]"
674,1,2,"[ 4,7 ]",3,3,"[ 2,4,7 ]",118,22167,193,22267,9,3,4,57,855.0,65,969,0,4,"[0-9]","[9-5-5-5-5-0]"
675,1,8,"[ 2,7,3 ]",4,3,"[ 8,2,7,3 ]",118,22167,196,21863,5,3,4,58,858.0,66,988,0,3,"[0-5]","[5-5-5-5-0]"
676,1,1,"[ 5 ]",2,3,"[ 1,5 ]",118,22176,186,23441,9,3,4,60,899.0,72,1074,1,4,"[0-6-9]","[9-8-6-6-5-0]"
678,1,2,"[ 5 ]",2,1,"[ 2,5 ]",118,22176,134,23208,6,2,4,26,380.0,44,660,0,4,"[0-6]","[6-6-6-8-7-0]"
678,2,2,"[ 4 ]",2,3,"[ 2,4 ]",118,22176,120,22094,7,2,4,59,875.0,65,975,0,0,"[0-7]","[7-0]"
679,1,1,"[ 5,2 ]",3,1,"[ 1,5,2 ]",118,22177,118,22264,9,14,14,65,971.0,75,1116,1,0,"[0-6-9]","[9-0]"
681,1,1,"[ 4 ]",2,3,"[ 1,4 ]",118,22177,92,23756,6,2,4,69,1028.0,77,1143,0,4,"[0-6]","[6-6-6-6-6-0]"
683,1,1,"[ 4 ]",2,3,"[ 1,4 ]",118,22177,196,21863,5,3,4,59,871.0,62,925,1,0,"[0-5-5]","[5-0]"
684,1,1,"[ 4,6,5 ]",4,3,"[ 1,4,6,5 ]",118,22177,207,22179,5,3,4,18,261.0,24,346,0,2,"[0-5]","[5-5-6-0]"
690,1,2,"[ 5 ]",2,3,"[ 2,5 ]",118,22264,206,22363,6,3,4,52,780.0,59,880,1,3,"[0-6-6]","[6-6-6-6-0]"
693,1,3,"[ 4 ]",2,2,"[ 3,4 ]",118,22304,193,22267,5,14,14,58,863.0,67,992,2,1,"[0-5-5-5]","[5-5-0]"
694,1,2,"[ 3,4 ]",3,3,"[ 2,3,4 ]",118,22403,18,22250,5,3,4,61,902.0,66,987,1,0,"[0-7-5]","[5-0]"
697,1,1,"[ 2 ]",2,1,"[ 1,2 ]",119,22326,65,25389,9,2,4,5,73.0,28,413,0,5,"[0-9]","[9-7-7-7-7-5-0]"
710,1,2,"[ 4 ]",2,3,"[ 2,4 ]",119,22426,78,24215,8,2,4,57,853.0,73,1088,0,5,"[0-8]","[8-7-7-7-7-7-0]"
718,1,2,"[ 3 ]",2,3,"[ 2,3 ]",120,22040,194,22474,6,2,4,63,942.0,70,1042,1,1,"[0-6-6]","[6-6-0]"
730,1,2,"[ 4 ]",2,3,"[ 2,4 ]",120,22187,120,22094,9,14,14,61,908.0,65,963,0,0,"[0-9]","[9-0]"
731,1,1,"[ 3,4 ]",3,3,"[ 1,3,4 ]",120,22258,66,25124,7,3,4,62,917.0,74,1107,0,5,"[0-7]","[7-5-5-5-5-5-0]"
731,2,2,"[ 1 ]",2,1,"[ 2,1 ]",120,22258,120,22094,9,3,4,77,1142.0,79,1182,0,0,"[0-9]","[9-0]"
734,1,1,"[ 2 ]",2,1,"[ 1,2 ]",121,21949,387,22093,7,2,4,62,917.0,65,971,0,0,"[0-7]","[7-0]"
740,1,2,"[ 1 ]",2,1,"[ 2,1 ]",121,21949,387,22093,9,3,4,32,466.0,34,506,0,0,"[0-9]","[9-0]"
753,1,5,"[ 6 ]",2,2,"[ 5,6 ]",121,22095,119,22330,9,14,14,4,58.0,10,142,0,0,"[0-9]","[9-0]"
754,1,1,"[ 2 ]",2,1,"[ 1,2 ]",121,22095,119,22540,5,2,4,59,884.0,62,923,1,0,"[0-5-5]","[5-0]"
757,1,1,"[ 2 ]",2,1,"[ 1,2 ]",121,22134,101,22333,7,2,4,61,913.0,73,1088,1,0,"[0-6-7]","[7-0]"
758,1,1,"[ 2 ]",2,1,"[ 1,2 ]",121,22134,18,22250,5,2,4,70,1037.0,72,1076,1,3,"[0-7-5]","[5-5-6-6-0]"
758,2,2,"[ 3 ]",2,1,"[ 2,3 ]",121,22134,206,22363,5,2,4,59,872.0,67,1001,1,4,"[0-6-5]","[5-5-5-5-5-0]"
762,1,2,"[ 1 ]",2,1,"[ 2,1 ]",121,22192,18,22250,5,2,4,63,942.0,75,1116,4,1,"[0-5-5-6-5-5]","[5-5-0]"
776,1,3,"[ 4 ]",2,2,"[ 3,4 ]",122,21927,184,23343,6,16,16,29,421.0,38,566,4,1,"[0-6-6-6-6-6]","[6-7-0]"
776,2,3,"[ 4 ]",2,2,"[ 3,4 ]",122,21927,117,22133,7,16,16,46,676.0,52,776,0,0,"[0-7]","[7-0]"
806,1,1,"[ 4 ]",2,3,"[ 1,4 ]",126,21840,123,22101,9,2,4,66,982.0,75,1112,0,0,"[0-9]","[9-0]"
812,1,2,"[ 1 ]",2,1,"[ 2,1 ]",127,21472,101,22333,7,2,4,63,932.0,71,1061,0,0,"[0-7]","[7-0]"
819,1,1,"[ 2,5 ]",3,3,"[ 1,2,5 ]",128,21481,174,25163,5,3,4,63,937.0,67,991,1,0,"[0-7-5]","[5-0]"
819,2,2,"[ 3 ]",2,3,"[ 2,3 ]",128,21481,66,25124,5,2,4,69,1027.0,75,1111,3,1,"[0-7-6-5-5]","[5-5-0]"
820,1,1,"[ 2 ]",2,1,"[ 1,2 ]",128,21482,59,24622,6,2,4,34,506.0,44,651,0,5,"[0-6]","[6-6-6-6-7-5-0]"
826,1,1,"[ 3 ]",2,1,"[ 1,3 ]",130,23321,18,22250,5,3,4,30,444.0,44,648,1,4,"[0-6-5]","[5-5-5-5-5-0]"
826,2,1,"[ 2 ]",2,1,"[ 1,2 ]",130,23321,207,22179,5,14,14,48,714.0,50,738,0,2,"[0-5]","[5-6-6-0]"
829,1,1,"[ 2 ]",2,3,"[ 1,2 ]",130,23322,189,23077,9,2,4,57,853.0,67,997,0,0,"[0-9]","[9-0]"
834,1,1,"[ 7 ]",2,3,"[ 1,7 ]",130,23326,8,23867,9,2,4,54,801.0,64,946,0,3,"[0-9]","[9-6-6-7-0]"
834,2,1,"[ 4 ]",2,3,"[ 1,4 ]",130,23326,171,24618,7,2,4,68,1011.0,76,1126,2,2,"[0-5-8-7]","[7-5-5-0]"
862,1,1,"[ 3,9,2,8 ]",5,3,"[ 1,3,9,2,8 ]",138,23149,174,25163,5,3,4,27,392.0,47,702,2,3,"[0-9-7-5]","[5-7-7-7-0]"
862,2,1,"[ 5,9,8 ]",4,3,"[ 1,5,9,8 ]",138,23149,18,22250,5,3,4,53,782.0,58,867,0,2,"[0-5]","[5-5-5-0]"
865,1,1,"[ 4,2 ]",3,3,"[ 1,4,2 ]",138,23218,92,23753,6,3,4,68,1018.0,73,1087,0,0,"[0-6]","[6-0]"
866,1,1,"[ 2 ]",2,1,"[ 1,2 ]",138,23236,186,23441,7,2,4,68,1006.0,71,1060,0,0,"[0-7]","[7-0]"
871,1,1,"[ 2 ]",2,1,"[ 1,2 ]",138,23238,186,23441,7,2,4,52,776.0,52,770,0,0,"[0-7]","[7-0]"
873,1,7,"[ 1 ]",2,1,"[ 7,1 ]",138,23239,174,25163,5,3,4,30,447.0,43,636,1,4,"[0-7-5]","[5-5-5-5-5-0]"
873,2,7,"[ 3,2 ]",3,1,"[ 7,3,2 ]",138,23239,134,23208,6,3,4,59,882.0,75,1116,1,2,"[0-9-6]","[6-7-7-0]"
875,1,2,"[ 1 ]",2,1,"[ 2,1 ]",138,23240,202,22115,7,2,4,59,882.0,67,996,0,1,"[0-7]","[7-5-0]"
887,1,1,"[ 2 ]",2,3,"[ 1,2 ]",138,23303,174,25197,5,3,4,40,598.0,52,773,0,5,"[0-5]","[5-6-7-5-5-5-0]"
897,1,1,"[ 2 ]",2,1,"[ 1,2 ]",138,23338,67,25061,7,3,4,71,1059.0,75,1113,0,0,"[0-7]","[7-0]"
902,1,1,"[ 2 ]",2,3,"[ 1,2 ]",139,22875,184,23343,6,2,4,29,434.0,38,564,2,3,"[0-6-6-6]","[6-5-5-5-0]"
902,2,1,"[ 3 ]",2,3,"[ 1,3 ]",139,22875,186,23441,9,2,4,64,959.0,74,1104,0,4,"[0-9]","[9-8-5-5-5-0]"
903,1,1,"[ 2 ]",2,1,"[ 1,2 ]",139,22876,134,23283,6,3,4,44,659.0,54,804,0,4,"[0-6]","[6-6-5-5-6-0]"
908,1,1,"[ 2 ]",2,1,"[ 1,2 ]",139,22980,194,22474,7,2,4,2,26.0,11,156,0,1,"[0-7]","[7-5-0]"
909,1,2,"[ 1 ]",2,1,"[ 2,1 ]",139,22981,194,22474,7,2,4,58,863.0,73,1082,2,2,"[0-6-6-7]","[7-5-5-0]"
919,1,1,"[ 2 ]",2,3,"[ 1,2 ]",140,22668,186,23464,7,2,4,65,965.0,72,1079,1,4,"[0-6-7]","[7-6-5-6-5-0]"
924,1,1,"[ 2 ]",2,1,"[ 1,2 ]",140,22721,141,22435,6,3,4,53,788.0,58,858,0,5,"[0-6]","[6-6-6-6-6-5-0]"
945,1,1,"[ 2 ]",2,1,"[ 1,2 ]",143,22605,136,22465,9,3,4,16,236.0,23,335,0,2,"[0-9]","[9-5-5-0]"
952,1,1,"[ 3 ]",2,3,"[ 1,3 ]",143,22644,206,22363,6,2,4,67,996.0,75,1125,1,4,"[0-5-6]","[6-5-6-6-6-0]"
952,2,2,"[ 4 ]",2,3,"[ 2,4 ]",143,22644,194,22474,9,2,4,62,921.0,75,1125,0,2,"[0-9]","[9-5-7-0]"
967,1,1,"[ 3 ]",2,3,"[ 1,3 ]",146,22284,165,23034,8,3,4,68,1017.0,76,1132,0,4,"[0-8]","[8-6-5-5-5-0]"
978,1,1,"[ 4 ]",2,3,"[ 1,4 ]",146,22758,208,22473,6,2,4,55,819.0,67,993,1,4,"[0-9-6]","[6-5-5-5-5-0]"
987,1,2,"[ 1 ]",2,1,"[ 2,1 ]",146,22844,18,22250,5,2,4,29,429.0,43,634,0,5,"[0-5]","[5-5-5-5-5-5-0]"
993,1,2,"[ 3 ]",2,3,"[ 2,3 ]",148,22178,207,22179,5,3,4,59,878.0,71,1052,1,1,"[0-5-5]","[5-5-0]"
1003,1,1,"[ 5 ]",2,3,"[ 1,5 ]",148,22266,165,23109,9,3,4,67,993.0,75,1122,0,4,"[0-9]","[9-5-9-9-7-0]"
1004,1,2,"[ 3 ]",2,3,"[ 2,3 ]",148,22266,143,22476,9,3,4,1,14.0,14,203,0,5,"[0-9]","[9-9-5-6-6-5-0]"
1005,1,2,"[ 7 ]",2,3,"[ 2,7 ]",148,22301,165,23026,9,3,4,55,822.0,68,1011,2,2,"[0-5-5-9]","[9-5-6-0]"
1005,2,2,"[ 4 ]",2,3,"[ 2,4 ]",148,22301,207,22179,5,3,4,77,1152.0,89,1326,0,5,"[0-5]","[5-5-5-5-5-5-0]"
1007,1,1,"[ 4,2 ]",3,3,"[ 1,4,2 ]",148,22362,95,23307,9,3,4,58,858.0,65,973,0,1,"[0-9]","[9-5-0]"
1019,1,1,"[ 3 ]",2,3,"[ 1,3 ]",149,21947,194,22474,7,3,4,63,938.0,66,977,0,0,"[0-7]","[7-0]"
1020,1,1,"[ 2 ]",2,1,"[ 1,2 ]",149,21978,18,22250,5,3,4,30,437.0,35,521,1,2,"[0-5-5]","[5-5-5-0]"
1024,1,1,"[ 2 ]",2,1,"[ 1,2 ]",149,22032,18,22250,5,16,16,35,519.0,43,634,0,4,"[0-5]","[5-5-5-5-5-0]"
1043,1,2,"[ 1 ]",2,1,"[ 2,1 ]",152,21594,145,22113,5,2,4,35,512.0,46,687,3,2,"[0-9-5-6-5]","[5-5-5-0]"
1065,1,1,"[ 2 ]",2,1,"[ 1,2 ]",153,21498,165,23032,8,2,4,54,800.0,76,1139,0,4,"[0-8]","[8-5-5-5-5-0]"
1065,2,2,"[ 3 ]",2,1,"[ 2,3 ]",153,21498,196,21863,5,2,4,27,395.0,39,584,0,5,"[0-5]","[5-7-5-5-5-5-0]"
1067,1,3,"[ 4 ]",2,1,"[ 3,4 ]",153,21553,379,21622,9,3,4,68,1011.0,75,1125,2,2,"[0-7-6-9]","[9-5-5-0]"
1076,1,1,"[ 2 ]",2,1,"[ 1,2 ]",156,21664,165,23041,9,2,4,24,346.0,34,505,2,0,"[0-6-5-9]","[9-0]"
1082,1,1,"[ 2 ]",2,1,"[ 1,2 ]",156,21748,176,23219,8,2,4,57,842.0,72,1076,2,2,"[0-5-6-8]","[8-7-7-0]"
1088,1,1,"[ 3 ]",2,3,"[ 1,3 ]",157,21545,159,21619,6,3,4,70,1043.0,73,1082,0,0,"[0-6]","[6-0]"
1088,2,2,"[ 3 ]",2,3,"[ 2,3 ]",157,21545,157,21504,5,2,4,58,863.0,67,992,1,1,"[0-5-5]","[5-6-0]"
1090,1,1,"[ 3,2 ]",3,3,"[ 1,3,2 ]",159,21619,200,22234,9,3,4,61,912.0,66,981,1,1,"[0-5-9]","[9-5-0]"
1097,1,1,"[ 2,3 ]",3,3,"[ 1,2,3 ]",160,21669,18,22250,5,3,4,28,407.0,37,551,0,5,"[0-5]","[5-5-7-5-6-5-0]"
1104,1,1,"[ 2 ]",2,1,"[ 1,2 ]",161,21462,18,22250,5,3,4,32,466.0,41,611,0,5,"[0-5]","[5-7-5-7-5-5-0]"
1127,1,1,"[ 3 ]",2,1,"[ 1,3 ]",162,21639,381,21971,5,2,4,58,859.0,62,928,0,1,"[0-5]","[5-5-0]"
1127,2,2,"[ 5,3 ]",3,3,"[ 2,5,3 ]",162,21639,134,23283,6,3,4,31,454.0,44,658,0,5,"[0-6]","[6-6-5-5-5-5-0]"
1134,1,1,"[ 2 ]",2,1,"[ 1,2 ]",163,23403,184,23323,6,2,4,52,770.0,59,884,0,1,"[0-6]","[6-6-0]"
1158,1,5,"[ 3 ]",2,3,"[ 5,3 ]",165,23032,100,22658,9,2,4,52,777.0,55,816,0,0,"[0-9]","[9-0]"
1175,1,2,"[ 1 ]",2,1,"[ 2,1 ]",165,23041,18,22270,7,14,14,64,954.0,76,1129,1,3,"[0-5-7]","[7-5-7-5-0]"
1196,1,1,"[ 2,4,5 ]",4,3,"[ 1,2,4,5 ]",169,24799,59,24662,6,3,4,68,1014.0,73,1083,0,3,"[0-6]","[6-6-5-6-0]"
1205,1,2,"[ 3 ]",2,3,"[ 2,3 ]",171,24561,134,23283,6,3,4,55,814.0,64,958,0,5,"[0-6]","[6-6-7-5-5-6-0]"
1212,1,1,"[ 3 ]",2,3,"[ 1,3 ]",172,25181,172,25243,6,2,4,63,944.0,76,1134,2,2,"[0-9-9-6]","[6-5-5-0]"
1216,1,2,"[ 3 ]",2,3,"[ 2,3 ]",172,25182,174,25163,5,2,4,49,731.0,53,786,0,0,"[0-5]","[5-0]"
1251,1,2,"[ 1 ]",2,1,"[ 2,1 ]",181,23465,134,23208,6,2,4,35,520.0,41,604,0,0,"[0-6]","[6-0]"
1261,1,2,"[ 6 ]",2,3,"[ 2,6 ]",183,23204,134,23208,8,2,4,65,971.0,76,1131,0,4,"[0-8]","[8-6-8-6-5-0]"
1266,1,2,"[ 1 ]",2,1,"[ 2,1 ]",183,23205,18,22250,5,2,4,60,898.0,65,968,0,0,"[0-5]","[5-0]"
1273,1,1,"[ 4 ]",2,3,"[ 1,4 ]",183,23246,165,23041,9,2,4,67,992.0,76,1137,0,0,"[0-9]","[9-0]"
1273,2,2,"[ 4 ]",2,3,"[ 2,4 ]",183,23246,134,23208,6,3,4,78,1157.0,83,1242,0,2,"[0-6]","[6-7-6-0]"
1279,1,1,"[ 3 ]",2,3,"[ 1,3 ]",188,22725,95,23383,9,3,4,54,810.0,71,1060,0,4,"[0-9]","[9-6-7-6-7-0]"
1285,1,2,"[ 1 ]",2,1,"[ 2,1 ]",189,23076,134,23283,6,3,4,30,440.0,40,599,1,3,"[0-9-6]","[6-7-5-7-0]"
1289,1,1,"[ 2 ]",2,1,"[ 1,2 ]",191,22722,142,22369,9,2,4,57,841.0,68,1016,0,1,"[0-9]","[9-6-0]"
1291,1,1,"[ 2 ]",2,1,"[ 1,2 ]",191,22731,207,22179,5,3,4,78,1160.0,84,1260,0,1,"[0-5]","[5-5-0]"
1291,2,2,"[ 3 ]",2,1,"[ 2,3 ]",191,22731,193,22267,7,3,4,65,965.0,74,1110,1,0,"[0-5-7]","[7-0]"
1303,1,1,"[ 2 ]",2,1,"[ 1,2 ]",193,22267,18,22250,5,2,4,61,902.0,68,1017,2,3,"[0-6-5-5]","[5-6-5-5-0]"
1317,1,1,"[ 2 ]",2,1,"[ 1,2 ]",198,22573,18,22250,6,2,4,39,574.0,53,793,0,5,"[0-6]","[6-7-6-6-5-5-0]"
1318,1,2,"[ 1 ]",2,1,"[ 2,1 ]",198,22573,15,23940,6,2,4,61,901.0,69,1030,0,5,"[0-6]","[6-6-6-6-7-5-0]"
1320,1,1,"[ 2 ]",2,1,"[ 1,2 ]",198,22573,134,23283,6,3,4,34,504.0,44,649,1,4,"[0-6-6]","[6-5-5-5-5-0]"
1324,1,2,"[ 1 ]",2,1,"[ 2,1 ]",198,22588,18,22250,5,2,4,32,476.0,44,651,1,4,"[0-5-5]","[5-5-5-7-5-0]"
1339,1,1,"[ 2 ]",2,1,"[ 1,2 ]",198,22620,194,22474,6,2,4,25,367.0,41,601,1,4,"[0-8-6]","[6-6-7-6-6-0]"
1345,1,1,"[ 2 ]",2,1,"[ 1,2 ]",198,22771,134,23208,6,2,4,48,711.0,58,856,1,4,"[0-7-6]","[6-9-5-5-5-0]"
1364,1,1,"[ 2 ]",2,1,"[ 1,2 ]",198,22957,184,23343,6,2,4,27,397.0,35,511,0,5,"[0-6]","[6-5-5-5-5-5-0]"
1367,1,1,"[ 3,2 ]",3,3,"[ 1,3,2 ]",198,22957,66,25124,7,3,4,61,910.0,72,1070,1,3,"[0-7-7]","[7-5-5-5-0]"
1368,1,2,"[ 3 ]",2,3,"[ 2,3 ]",198,22957,18,22250,5,2,4,60,890.0,66,989,1,4,"[0-5-5]","[5-5-5-5-5-0]"
1381,1,1,"[ 5,3,4 ]",4,3,"[ 1,5,3,4 ]",203,22035,200,22315,7,3,4,62,926.0,72,1070,0,3,"[0-7]","[7-5-5-5-0]"
1385,1,1,"[ 2 ]",2,3,"[ 1,2 ]",205,25073,163,23403,9,3,4,58,867.0,61,907,0,1,"[0-9]","[9-8-0]"
1386,1,1,"[ 5 ]",2,3,"[ 1,5 ]",205,25073,136,22795,7,2,4,60,896.0,67,996,0,1,"[0-7]","[7-8-0]"
1396,1,2,"[ 4 ]",2,1,"[ 2,4 ]",209,21414,184,23323,6,2,4,68,1014.0,71,1054,1,0,"[0-6-6]","[6-0]"
1397,1,1,"[ 2 ]",2,1,"[ 1,2 ]",210,21196,152,21719,9,3,4,15,213.0,17,252,0,0,"[0-9]","[9-0]"
1397,2,1,"[ 2 ]",2,1,"[ 1,2 ]",210,21196,152,21762,9,3,4,69,1023.0,75,1122,0,0,"[0-9]","[9-0]"
1407,1,1,"[ 2 ]",2,3,"[ 1,2 ]",210,21345,18,22250,5,2,4,55,825.0,61,909,0,1,"[0-5]","[5-9-0]"
1415,1,1,"[ 2 ]",2,1,"[ 1,2 ]",214,21066,134,23208,6,2,4,61,912.0,72,1072,2,3,"[0-7-6-6]","[6-6-6-5-0]"
1420,1,3,"[ 2 ]",2,1,"[ 3,2 ]",219,20205,222,20154,7,2,4,65,974.0,78,1164,0,1,"[0-7]","[7-5-0]"
1422,1,1,"[ 2,3 ]",3,3,"[ 1,2,3 ]",219,20205,219,20287,9,14,14,35,517.0,49,722,1,0,"[0-6-9]","[9-0]"
1422,2,1,"[ 2,3 ]",3,3,"[ 1,2,3 ]",219,20205,222,20154,5,3,4,65,967.0,67,992,0,0,"[0-5]","[5-0]"
1429,1,6,"[ 1,3 ]",3,3,"[ 6,1,3 ]",219,20217,221,20375,5,14,14,39,585.0,47,700,1,1,"[0-8-5]","[5-5-0]"
1429,2,6,"[ 1,5 ]",3,3,"[ 6,1,5 ]",219,20217,221,20375,5,14,14,60,900.0,62,925,2,0,"[0-5-8-5]","[5-0]"
1432,1,1,"[ 2 ]",2,1,"[ 1,2 ]",219,20236,222,20154,5,14,14,34,497.0,44,656,1,0,"[0-5-5]","[5-0]"
1436,1,1,"[ 2 ]",2,1,"[ 1,2 ]",219,20467,222,20154,6,14,14,25,369.0,39,574,2,0,"[0-5-9-6]","[6-0]"
1448,1,2,"[ 1 ]",2,1,"[ 2,1 ]",222,20154,222,20154,5,2,4,25,363.0,39,583,1,2,"[0-5-5]","[5-5-5-0]"
1450,1,2,"[ 1 ]",2,1,"[ 2,1 ]",222,20154,222,20152,9,14,14,27,391.0,42,625,1,0,"[0-7-9]","[9-0]"
1457,1,1,"[ 5 ]",2,3,"[ 1,5 ]",223,20216,222,20154,5,2,4,38,560.0,53,794,4,1,"[0-8-6-6-5-5]","[5-9-0]"
1457,2,1,"[ 5,3 ]",3,3,"[ 1,5,3 ]",223,20216,207,22179,7,3,4,62,920.0,74,1109,0,4,"[0-7]","[7-5-5-5-5-0]"
1458,1,2,"[ 5 ]",2,2,"[ 2,5 ]",223,20234,219,20205,5,14,14,49,732.0,52,772,0,0,"[0-5]","[5-0]"
1462,1,1,"[ 2 ]",2,1,"[ 1,2 ]",226,20083,260,20567,5,2,4,40,598.0,45,668,0,0,"[0-5]","[5-0]"
1469,1,2,"[ 5 ]",2,3,"[ 2,5 ]",227,21411,120,22094,9,2,4,64,948.0,71,1063,2,0,"[0-5-5-9]","[9-0]"
1469,2,4,"[ 5 ]",2,2,"[ 4,5 ]",227,21411,162,21593,8,14,14,60,888.0,60,898,0,0,"[0-8]","[8-0]"
1476,1,1,"[ 3 ]",2,3,"[ 1,3 ]",229,21410,145,22113,6,2,4,48,718.0,52,772,0,0,"[0-6]","[6-0]"
1481,1,1,"[ 2 ]",2,3,"[ 1,2 ]",232,20819,124,21471,9,2,4,69,1033.0,76,1133,0,0,"[0-9]","[9-0]"
1481,2,1,"[ 3 ]",2,3,"[ 1,3 ]",232,20819,280,20910,9,2,4,77,1153.0,83,1238,0,0,"[0-9]","[9-0]"
1488,1,1,"[ 2 ]",2,1,"[ 1,2 ]",235,21369,159,21621,6,2,4,63,941.0,72,1070,0,2,"[0-6]","[6-5-5-0]"
1490,1,1,"[ 3 ]",2,3,"[ 1,3 ]",236,21292,18,22250,5,3,4,62,929.0,68,1014,0,5,"[0-5]","[5-5-5-5-5-5-0]"
1501,1,1,"[ 3 ]",2,3,"[ 1,3 ]",239,21213,18,22250,5,2,4,72,1075.0,79,1175,0,2,"[0-5]","[5-5-5-0]"
1505,1,1,"[ 2,3,4 ]",4,3,"[ 1,2,3,4 ]",240,21023,134,23208,6,3,4,56,835.0,74,1100,0,3,"[0-6]","[6-5-5-5-0]"
1506,1,2,"[ 1 ]",2,1,"[ 2,1 ]",240,21053,252,20308,6,3,4,27,394.0,29,434,0,0,"[0-6]","[6-0]"
1506,2,1,"[ 4 ]",2,3,"[ 1,4 ]",240,21053,281,20595,5,3,4,50,739.0,53,794,0,0,"[0-5]","[5-0]"
1510,1,1,"[ 3,8,4,6 ]",5,3,"[ 1,3,8,4,6 ]",243,20182,275,20947,6,3,4,24,350.0,35,524,0,5,"[0-6]","[6-5-5-5-5-5-0]"
1510,2,3,"[ 4,7,9 ]",4,3,"[ 3,4,7,9 ]",243,20182,222,20154,5,3,4,43,635.0,49,734,0,1,"[0-5]","[5-9-0]"
1514,1,3,"[ 4 ]",2,2,"[ 3,4 ]",244,20110,250,20498,8,16,16,60,892.0,68,1006,0,1,"[0-8]","[8-6-0]"
1520,1,1,"[ 2 ]",2,1,"[ 1,2 ]",247,20358,234,20818,9,3,4,56,831.0,62,916,0,0,"[0-9]","[9-0]"
1539,1,1,"[ 4 ]",2,3,"[ 1,4 ]",264,20905,264,20881,9,3,4,54,799.0,62,929,0,1,"[0-9]","[9-5-0]"
1543,1,1,"[ 3 ]",2,3,"[ 1,3 ]",264,20918,264,20904,8,2,4,62,923.0,69,1022,0,2,"[0-8]","[8-6-7-0]"
1549,1,1,"[ 4,3,7 ]",4,3,"[ 1,4,3,7 ]",265,20616,276,20919,5,3,4,64,947.0,69,1031,3,1,"[0-5-5-6-5]","[5-5-0]"
1549,2,2,"[ 6 ]",2,3,"[ 2,6 ]",265,20616,279,20591,8,2,4,62,917.0,73,1091,3,1,"[0-7-9-5-8]","[8-5-0]"
1563,1,1,"[ 2 ]",2,1,"[ 1,2 ]",265,20861,281,20595,5,2,4,68,1009.0,73,1094,0,3,"[0-5]","[5-6-9-7-0]"
1567,1,2,"[ 1 ]",2,1,"[ 2,1 ]",265,20861,268,20631,5,14,14,23,333.0,32,477,1,2,"[0-6-5]","[5-7-5-0]"
1575,1,2,"[ 4 ]",2,3,"[ 2,4 ]",274,20835,275,20947,6,3,4,70,1040.0,78,1169,0,1,"[0-6]","[6-7-0]"
1575,2,3,"[ 4 ]",2,2,"[ 3,4 ]",274,20835,286,21008,8,2,4,51,755.0,56,839,0,0,"[0-8]","[8-0]"
1576,1,1,"[ 2 ]",2,1,"[ 1,2 ]",274,20850,276,20926,5,3,4,58,870.0,64,954,0,4,"[0-5]","[5-5-5-5-6-0]"
1579,1,3,"[ 4 ]",2,2,"[ 3,4 ]",275,20947,266,20584,7,14,14,58,867.0,66,982,1,2,"[0-5-7]","[7-5-5-0]"
1583,1,2,"[ 1 ]",2,1,"[ 2,1 ]",279,20666,266,20627,7,2,4,60,892.0,76,1126,0,0,"[0-7]","[7-0]"
1584,1,1,"[ 2 ]",2,1,"[ 1,2 ]",279,20728,196,21863,5,3,4,63,933.0,71,1062,0,5,"[0-5]","[5-9-5-5-5-5-0]"
1596,1,2,"[ 1 ]",2,1,"[ 2,1 ]",280,20890,279,20764,5,2,4,27,400.0,39,575,0,5,"[0-5]","[5-5-5-5-5-5-0]"
1608,1,1,"[ 3 ]",2,3,"[ 1,3 ]",281,20642,262,20351,8,3,4,64,960.0,76,1134,0,0,"[0-8]","[8-0]"
1609,1,1,"[ 3 ]",2,3,"[ 1,3 ]",281,20667,253,20370,8,2,4,54,807.0,75,1117,0,5,"[0-8]","[8-7-5-9-5-5-0]"
1611,1,2,"[ 1 ]",2,1,"[ 2,1 ]",282,20823,266,20584,6,3,4,63,943.0,66,982,1,0,"[0-6-6]","[6-0]"
1614,1,2,"[ 3,1 ]",3,3,"[ 2,3,1 ]",284,20970,286,20972,5,3,4,59,878.0,70,1038,0,5,"[0-5]","[5-5-5-5-5-5-0]"
1617,1,1,"[ 2 ]",2,1,"[ 1,2 ]",286,20956,196,22045,6,2,4,29,426.0,36,526,1,1,"[0-6-6]","[6-5-0]"
1617,2,2,"[ 3 ]",2,1,"[ 2,3 ]",286,20956,276,20919,5,14,14,40,591.0,42,616,0,0,"[0-5]","[5-0]"
1625,1,1,"[ 3 ]",2,3,"[ 1,3 ]",293,21395,286,20946,6,3,4,72,1069.0,77,1154,0,3,"[0-6]","[6-6-6-6-0]"
1625,2,2,"[ 4 ]",2,3,"[ 2,4 ]",293,21395,389,22300,9,2,4,67,994.0,71,1064,0,1,"[0-9]","[9-6-0]"
1626,1,2,"[ 3 ]",2,1,"[ 2,3 ]",293,21397,18,22250,9,2,4,66,980.0,74,1110,0,2,"[0-9]","[9-5-5-0]"
1629,1,1,"[ 2 ]",2,1,"[ 1,2 ]",295,21445,18,22250,7,3,4,71,1065.0,75,1120,1,0,"[0-9-7]","[7-0]"
1630,1,1,"[ 3 ]",2,3,"[ 1,3 ]",295,21677,114,22791,9,3,4,61,905.0,62,929,0,0,"[0-9]","[9-0]"
1631,1,1,"[ 2 ]",2,1,"[ 1,2 ]",295,21677,137,22847,5,2,4,46,682.0,56,827,0,1,"[0-5]","[5-5-0]"
1631,2,2,"[ 3 ]",2,1,"[ 2,3 ]",295,21677,18,22250,5,2,4,33,487.0,41,602,1,4,"[0-5-5]","[5-5-5-5-5-0]"
1654,1,2,"[ 4,5 ]",3,3,"[ 2,4,5 ]",302,24629,321,25735,8,3,4,74,1099.0,84,1259,0,1,"[0-8]","[8-7-0]"
1655,1,1,"[ 4,5 ]",3,3,"[ 1,4,5 ]",302,24640,147,22458,5,3,4,62,927.0,74,1102,2,3,"[0-5-5-5]","[5-5-5-5-0]"
1657,1,1,"[ 2 ]",2,1,"[ 1,2 ]",302,24738,134,23208,6,2,4,68,1010.0,76,1140,0,4,"[0-6]","[6-6-6-7-5-0]"
1659,1,1,"[ 2 ]",2,1,"[ 1,2 ]",302,24810,67,24954,9,2,4,25,368.0,45,662,1,4,"[0-5-9]","[9-5-9-9-5-0]"
1660,1,1,"[ 2 ]",2,1,"[ 1,2 ]",302,24823,145,22113,5,2,4,44,653.0,60,887,1,3,"[0-6-5]","[5-7-6-5-0]"
1662,1,1,"[ 3 ]",2,3,"[ 1,3 ]",303,25040,137,22847,7,2,4,66,990.0,71,1059,0,0,"[0-7]","[7-0]"
1668,1,1,"[ 2 ]",2,1,"[ 1,2 ]",305,23574,18,22250,5,2,4,62,919.0,64,959,0,1,"[0-5]","[5-6-0]"
1670,1,1,"[ 2,5,3 ]",4,3,"[ 1,2,5,3 ]",305,24484,17,23643,7,3,4,77,1149.0,80,1188,0,0,"[0-7]","[7-0]"
1671,1,1,"[ 2 ]",2,1,"[ 1,2 ]",306,25011,186,23464,9,3,4,60,893.0,72,1067,0,2,"[0-9]","[9-5-5-0]"
1674,1,2,"[ 1 ]",2,1,"[ 2,1 ]",307,25285,48,25619,5,2,4,70,1046.0,73,1086,0,0,"[0-5]","[5-0]"
1674,2,2,"[ 4 ]",2,3,"[ 2,4 ]",307,25285,306,24986,9,2,4,59,881.0,68,1011,0,0,"[0-9]","[9-0]"
1692,1,2,"[ 3 ]",2,3,"[ 2,3 ]",314,26135,66,25124,9,3,4,64,948.0,74,1108,1,4,"[0-9-9]","[9-9-6-5-5-0]"
1697,1,1,"[ 2 ]",2,1,"[ 1,2 ]",316,25935,316,25945,9,3,4,63,934.0,75,1124,0,1,"[0-9]","[9-5-0]"
1714,1,2,"[ 1 ]",2,1,"[ 2,1 ]",326,26411,339,26247,9,3,4,54,801.0,60,900,0,0,"[0-9]","[9-0]"
1714,2,2,"[ 3 ]",2,1,"[ 2,3 ]",326,26411,317,25898,6,3,4,37,546.0,42,630,2,3,"[0-6-6-6]","[6-7-7-6-0]"
1720,1,1,"[ 2 ]",2,1,"[ 1,2 ]",328,26442,334,26671,7,3,4,68,1010.0,75,1124,0,3,"[0-7]","[7-6-5-5-0]"
1728,1,2,"[ 1 ]",2,1,"[ 2,1 ]",328,26488,336,26636,6,3,4,34,508.0,43,638,1,4,"[0-6-6]","[6-6-5-8-7-0]"
1730,1,1,"[ 8 ]",2,3,"[ 1,8 ]",330,26532,336,26619,9,2,4,3,37.0,17,242,0,0,"[0-9]","[9-0]"
1730,2,1,"[ 8 ]",2,3,"[ 1,8 ]",330,26532,331,26528,9,3,4,70,1042.0,80,1187,1,3,"[0-5-9]","[9-5-5-5-0]"
1734,1,2,"[ 3 ]",2,1,"[ 2,3 ]",331,26528,336,26609,6,3,4,28,414.0,37,544,1,3,"[0-9-6]","[6-6-6-5-0]"
1745,1,1,"[ 4 ]",2,3,"[ 1,4 ]",331,26674,333,26729,6,2,4,62,916.0,69,1030,0,3,"[0-6]","[6-7-6-6-0]"
1762,1,1,"[ 2 ]",2,1,"[ 1,2 ]",334,26731,376,26843,7,2,4,79,1174.0,86,1289,0,1,"[0-7]","[7-6-0]"
1784,1,1,"[ 2 ]",2,1,"[ 1,2 ]",339,26251,339,26322,9,2,4,18,265.0,28,409,0,0,"[0-9]","[9-0]"
1788,1,4,"[ 3,1,2 ]",4,1,"[ 4,3,1,2 ]",341,26410,338,26610,7,3,4,45,661.0,67,1001,0,0,"[0-7]","[7-0]"
1789,1,1,"[ 2,5,3 ]",4,3,"[ 1,2,5,3 ]",341,26418,331,26528,6,3,4,56,826.0,61,911,0,1,"[0-6]","[6-7-0]"
1789,2,1,"[ 4 ]",2,3,"[ 1,4 ]",341,26418,320,25880,8,2,4,64,946.0,72,1076,0,0,"[0-8]","[8-0]"
1794,1,2,"[ 3 ]",2,1,"[ 2,3 ]",344,25749,134,23283,6,2,4,63,931.0,67,1001,0,4,"[0-6]","[6-8-6-6-6-0]"
1822,1,1,"[ 2 ]",2,1,"[ 1,2 ]",352,26142,174,25163,5,2,4,60,887.0,74,1106,0,4,"[0-5]","[5-6-5-5-5-0]"
1823,1,1,"[ 5,4 ]",3,3,"[ 1,5,4 ]",353,26183,66,25099,7,3,4,73,1090.0,78,1160,0,3,"[0-7]","[7-5-6-5-0]"
1833,1,1,"[ 3 ]",2,3,"[ 1,3 ]",355,25803,45,25403,5,2,4,66,990.0,70,1044,0,0,"[0-5]","[5-0]"
1840,1,1,"[ 4 ]",2,1,"[ 1,4 ]",357,25759,357,25889,5,3,4,56,832.0,68,1007,0,2,"[0-5]","[5-5-5-0]"
1841,1,1,"[ 2 ]",2,3,"[ 1,2 ]",357,25759,356,25756,9,2,4,55,818.0,72,1068,0,0,"[0-9]","[9-0]"
1842,1,2,"[ 4 ]",2,3,"[ 2,4 ]",357,25759,357,25759,7,14,14,66,983.0,76,1127,0,0,"[0-7]","[7-0]"
1861,1,1,"[ 2 ]",2,1,"[ 1,2 ]",361,26427,174,25163,5,2,4,29,428.0,40,587,2,2,"[0-5-5-5]","[5-5-5-0]"
1862,1,1,"[ 2 ]",2,1,"[ 1,2 ]",361,26556,66,25124,6,2,4,41,608.0,53,782,0,5,"[0-6]","[6-5-5-5-5-5-0]"
1863,1,2,"[ 3 ]",2,3,"[ 2,3 ]",361,26558,65,25451,9,2,4,61,902.0,68,1017,0,0,"[0-9]","[9-0]"
1868,1,1,"[ 4 ]",2,1,"[ 1,4 ]",363,26348,59,24558,6,3,4,47,695.0,58,870,0,5,"[0-6]","[6-5-5-6-5-6-0]"
1873,1,1,"[ 2 ]",2,1,"[ 1,2 ]",365,25761,186,23441,7,2,4,63,943.0,73,1087,0,4,"[0-7]","[7-5-8-5-5-0]"
1875,1,1,"[ 3 ]",2,1,"[ 1,3 ]",365,25812,18,22250,5,2,4,57,842.0,59,881,0,0,"[0-5]","[5-0]"
1875,2,1,"[ 2 ]",2,3,"[ 1,2 ]",365,25812,67,24953,9,3,4,62,917.0,70,1046,2,1,"[0-5-5-9]","[9-5-0]"
1882,1,1,"[ 4 ]",2,3,"[ 1,4 ]",367,25776,174,25159,5,3,4,68,1019.0,73,1088,0,2,"[0-5]","[5-5-5-0]"
1887,1,2,"[ 5 ]",2,3,"[ 2,5 ]",368,25771,86,24701,6,2,4,52,772.0,62,917,0,2,"[0-6]","[6-7-6-0]"
1889,1,5,"[ 4 ]",2,3,"[ 5,4 ]",369,25911,134,23208,6,3,4,63,934.0,68,1018,0,0,"[0-6]","[6-0]"
1890,1,1,"[ 3 ]",2,1,"[ 1,3 ]",369,25911,86,24701,6,2,4,41,611.0,49,725,0,2,"[0-6]","[6-9-5-0]"
1890,2,2,"[ 1 ]",2,1,"[ 2,1 ]",369,25911,369,25909,9,2,4,52,776.0,54,800,0,0,"[0-9]","[9-0]"
1898,1,1,"[ 2 ]",2,3,"[ 1,2 ]",372,26423,18,22250,6,2,4,54,799.0,58,869,0,1,"[0-6]","[6-8-0]"
1900,1,1,"[ 2 ]",2,1,"[ 1,2 ]",379,21622,151,21930,9,2,4,63,943.0,69,1027,0,0,"[0-9]","[9-0]"
1904,1,1,"[ 2 ]",2,3,"[ 1,2 ]",379,21622,379,21722,8,2,4,66,987.0,72,1071,0,0,"[0-8]","[8-0]"
1906,1,1,"[ 4 ]",2,3,"[ 1,4 ]",379,21625,18,22250,5,3,4,7,103.0,14,202,0,3,"[0-5]","[5-7-7-5-0]"
1909,1,2,"[ 3 ]",2,3,"[ 2,3 ]",379,21631,159,21621,7,3,4,61,911.0,72,1070,2,2,"[0-5-5-7]","[7-9-5-0]"
1932,1,1,"[ 3 ]",2,3,"[ 1,3 ]",379,21737,18,22250,5,2,4,30,440.0,39,585,1,3,"[0-5-5]","[5-5-5-5-0]"
1932,2,1,"[ 3 ]",2,3,"[ 1,3 ]",379,21737,160,21669,8,14,14,58,860.0,70,1050,0,0,"[0-8]","[8-0]"
1951,1,1,"[ 4 ]",2,3,"[ 1,4 ]",383,22682,118,22167,8,2,4,60,898.0,70,1043,1,4,"[0-7-8]","[8-9-6-6-5-0]"
1954,1,2,"[ 3,5,1 ]",4,3,"[ 2,3,5,1 ]",383,22682,134,23208,6,3,4,57,848.0,63,932,2,0,"[0-6-7-6]","[6-0]"
1956,1,1,"[ 4 ]",2,1,"[ 1,4 ]",384,23062,61,24818,6,2,4,63,932.0,74,1106,0,5,"[0-6]","[6-6-6-6-5-7-0]"
1956,2,3,"[ 4 ]",2,1,"[ 3,4 ]",384,23062,145,22113,5,3,4,27,392.0,32,476,0,2,"[0-5]","[5-6-5-0]"
1957,1,3,"[ 4 ]",2,2,"[ 3,4 ]",384,23063,17,23643,7,14,14,61,913.0,65,967,0,1,"[0-7]","[7-5-0]"
1966,1,1,"[ 3 ]",2,3,"[ 1,3 ]",384,23139,18,22250,5,3,4,52,772.0,65,961,2,3,"[0-5-7-5]","[5-5-5-5-0]"
1966,2,1,"[ 2 ]",2,3,"[ 1,2 ]",384,23139,134,23208,6,2,4,71,1057.0,75,1111,0,5,"[0-6]","[6-7-6-6-5-6-0]"
1975,1,1,"[ 2 ]",2,1,"[ 1,2 ]",385,23268,134,23208,7,2,4,61,901.0,81,1210,1,3,"[0-6-7]","[7-6-6-5-0]"
1976,1,1,"[ 3 ]",2,3,"[ 1,3 ]",385,23268,131,23543,8,2,4,61,915.0,66,985,1,0,"[0-6-8]","[8-0]"
2014,1,1,"[ 2,4 ]",3,3,"[ 1,2,4 ]",388,21612,66,25124,7,3,4,59,880.0,72,1069,0,2,"[0-7]","[7-5-5-0]"
2021,1,1,"[ 3 ]",2,3,"[ 1,3 ]",391,25168,134,23208,6,3,4,30,440.0,35,525,0,5,"[0-6]","[6-6-6-7-5-5-0]"
2048,1,1,"[ 2 ]",2,1,"[ 1,2 ]",250,20262,281,20595,5,3,4,58,864.0,66,979,0,5,"[0-5]","[5-9-8-5-6-5-0]"
2051,1,2,"[ 1 ]",2,1,"[ 2,1 ]",250,20286,250,20443,6,3,4,28,419.0,39,578,0,5,"[0-6]","[6-5-6-5-5-6-0]"
2061,1,2,"[ 5 ]",2,3,"[ 2,5 ]",250,20498,265,20861,9,2,4,62,923.0,68,1007,0,0,"[0-9]","[9-0]"
2066,1,1,"[ 4 ]",2,3,"[ 1,4 ]",251,20401,281,20595,5,3,4,38,563.0,42,618,0,0,"[0-5]","[5-0]"
2069,1,1,"[ 2 ]",2,1,"[ 1,2 ]",251,20465,250,20262,9,3,4,17,243.0,26,387,2,2,"[0-9-5-9]","[9-7-7-0]"
2069,2,2,"[ 3 ]",2,3,"[ 2,3 ]",251,20465,281,20592,9,3,4,49,723.0,67,1002,0,4,"[0-9]","[9-5-7-6-7-0]"
2072,1,2,"[ 3 ]",2,3,"[ 2,3 ]",251,20504,261,20223,6,2,4,31,465.0,41,609,1,4,"[0-9-6]","[6-7-8-7-9-0]"
2088,1,1,"[ 2 ]",2,3,"[ 1,2 ]",260,20525,266,20627,9,2,4,57,850.0,68,1010,0,4,"[0-9]","[9-6-9-5-6-0]"
2094,1,1,"[ 2 ]",2,1,"[ 1,2 ]",373,26641,392,25447,8,3,4,63,941.0,78,1160,0,1,"[0-8]","[8-6-0]"
