hhid,direction,obBundleNum,obBundleType,ibBundleNum,ibBundleType,chauffPnum,child1Pnum,child2Pnum,child2Pnum,partySize,party,homeTaz,homeMaz,chauffTourNum,chauffTourPurp,chauffPrimDestTaz,chauffPrimDestMaz,child1TourId,child2TourId,child3TourId,child1PersTripId,child1SchoolTaz,child1SchoolMaz,child2PersTripId,child2SchoolTaz,child2SchoolMaz,child3PersTripId,child3SchoolTaz,child3SchoolMaz,obBundelDepMin,obStop1Min,obStop2Min,obStop3Min,ibStop1Min,ibStop2Min,ibStop3Min,ibBundelerrMin,obBundelDepInt,obStop1Int,obStop2Int,obStop3Int,ibStop1Int,ibStop2Int,ibStop3Int,ibBundelerrInt,numStopsAfterDropoffs
13,1,1,1,0,0,2,5,0,0,2,"[ 2,5 ]",14,23664,1,411,384,23100,1,0,0,1,384,23100,0,0,0,0,0,0,20,21,0,0,0,0,0,0,298.68887,301,0,0,0.0,0,0,0,0
13,2,0,0,1,1,2,5,0,0,2,"[ 2,5 ]",14,23664,2,411,384,23100,1,0,0,1,384,23100,0,0,0,0,0,0,0,0,0,0,21,0,0,49,0.0,0,0,0,733.68884,301,0,0,0
20,1,1,2,0,0,2,5,0,0,2,"[ 2,5 ]",14,23758,1,1,382,22548,1,0,0,1,384,23100,0,0,0,0,0,0,18,18,0,0,0,0,0,0,257.6312,260,0,0,0.0,0,0,0,0
20,2,0,0,1,2,2,4,0,0,2,"[ 2,4 ]",14,23758,1,1,14,23758,1,0,0,2,53,24076,0,0,0,0,0,0,0,0,0,0,52,0,0,53,0.0,0,0,0,782.63116,774,0,0,1
29,1,1,2,0,0,2,3,0,0,2,"[ 2,3 ]",16,23473,1,1,16,23473,1,0,0,1,94,23540,0,0,0,0,0,0,20,20,0,0,0,0,0,0,288.05258,292,0,0,0.0,0,0,0,0
46,1,1,2,0,0,1,4,0,0,2,"[ 1,4 ]",18,22250,1,1,18,22270,1,0,0,1,199,22119,0,0,0,0,0,0,21,21,0,0,0,0,0,0,311.5432,312,0,0,0.0,0,0,0,0
50,1,1,1,0,0,2,4,0,0,2,"[ 2,4 ]",18,22250,1,411,198,22823,1,0,0,1,198,22823,0,0,0,0,0,0,19,19,0,0,0,0,0,0,275.80276,277,0,0,0.0,0,0,0,0
61,2,0,0,1,1,1,4,0,0,2,"[ 1,4 ]",20,23881,3,411,23,23410,1,0,0,2,23,23410,0,0,0,0,0,0,0,0,0,0,48,0,0,50,0.0,0,0,0,744.20087,708,0,0,1
69,2,0,0,1,1,1,4,0,0,2,"[ 1,4 ]",21,23934,1,411,44,25142,1,0,0,2,44,25142,0,0,0,0,0,0,0,0,0,0,47,0,0,47,0.0,0,0,0,703.62964,693,0,0,0
78,1,1,1,0,0,2,3,0,0,2,"[ 2,3 ]",22,23655,2,411,22,23762,1,0,0,1,22,23762,0,0,0,0,0,0,22,22,0,0,0,0,0,0,319.20407,318,0,0,0.0,0,0,0,0
78,2,0,0,1,1,2,3,0,0,2,"[ 2,3 ]",22,23655,3,411,22,23762,1,0,0,1,22,23762,0,0,0,0,0,0,0,0,0,0,22,0,0,51,0.0,0,0,0,754.2041,318,0,0,2
80,1,1,2,0,0,1,3,0,0,2,"[ 1,3 ]",22,23723,1,1,34,24151,1,0,0,1,53,24076,0,0,0,0,0,0,18,18,0,0,0,0,0,0,257.92548,260,0,0,0.0,0,0,0,0
80,2,0,0,1,2,1,3,0,0,2,"[ 1,3 ]",22,23723,1,1,22,23723,1,0,0,1,53,24076,0,0,0,0,0,0,0,0,0,0,18,0,0,50,0.0,0,0,0,737.9255,260,0,0,0
103,2,0,0,1,2,1,4,0,0,2,"[ 1,4 ]",24,22237,1,1,24,22237,1,0,0,2,155,21813,0,0,0,0,0,0,0,0,0,0,51,0,0,52,0.0,0,0,0,775.54645,763,0,0,0
126,1,1,2,0,0,2,4,0,0,2,"[ 2,4 ]",30,21938,1,1,146,22821,1,0,0,1,278,20867,0,0,0,0,0,0,20,21,0,0,0,0,0,0,286.8038,310,0,0,0.0,0,0,0,0
128,1,1,1,0,0,2,4,0,0,2,"[ 2,4 ]",30,21938,1,411,155,21813,1,0,0,1,155,21813,0,0,0,0,0,0,18,18,0,0,0,0,0,0,263.66568,267,0,0,0.0,0,0,0,0
130,1,1,1,0,0,1,3,0,0,2,"[ 1,3 ]",30,21957,1,411,155,21813,1,0,0,1,155,21813,0,0,0,0,0,0,20,20,0,0,0,0,0,0,296.44025,299,0,0,0.0,0,0,0,0
140,1,1,2,0,0,1,2,0,0,2,"[ 1,2 ]",33,23922,1,1,463,463,1,0,0,1,393,22506,0,0,0,0,0,0,17,19,0,0,0,0,0,0,251.50626,276,0,0,0.0,0,0,0,0
140,2,0,0,1,2,1,2,0,0,2,"[ 1,2 ]",33,23922,1,1,33,23922,1,0,0,1,393,22506,0,0,0,0,0,0,0,0,0,0,19,0,0,58,0.0,0,0,0,866.5062,276,0,0,0
144,2,0,0,1,2,2,4,0,0,2,"[ 2,4 ]",33,24466,1,1,33,24466,1,0,0,2,56,24451,0,0,0,0,0,0,0,0,0,0,53,0,0,54,0.0,0,0,0,807.0334,785,0,0,0
146,1,1,1,0,0,1,3,0,0,2,"[ 1,3 ]",33,24467,1,411,164,23042,1,0,0,1,164,23042,0,0,0,0,0,0,16,17,0,0,0,0,0,0,237.71535,247,0,0,0.0,0,0,0,0
149,2,0,0,1,1,1,3,0,0,2,"[ 1,3 ]",34,24151,2,411,358,26241,1,0,0,2,358,26241,0,0,0,0,0,0,0,0,0,0,55,0,0,55,0.0,0,0,0,820.81195,825,0,0,0
150,1,1,2,0,0,1,3,4,0,3,"[ 1,3,4 ]",34,24151,1,1,57,24609,1,1,0,1,358,26241,2,78,24009,0,0,0,18,20,22,0,0,0,0,0,269.84662,291,326,0,0.0,0,0,0,0
150,2,0,0,1,1,2,4,0,0,2,"[ 2,4 ]",34,24151,2,411,78,24009,1,0,0,2,78,24009,0,0,0,0,0,0,0,0,0,0,22,0,0,49,0.0,0,0,0,734.8466,326,0,0,0
152,2,0,0,1,1,2,3,0,0,2,"[ 2,3 ]",34,24173,2,411,358,26241,1,0,0,2,358,26241,0,0,0,0,0,0,0,0,0,0,51,0,0,51,0.0,0,0,0,756.2701,760,0,0,0
154,1,1,1,0,0,1,4,3,0,3,"[ 1,4,3 ]",36,24124,1,411,44,25072,1,1,0,1,44,25072,2,53,24076,0,0,0,18,18,19,0,0,0,0,0,263.8238,269,282,0,0.0,0,0,0,0
154,2,0,0,1,1,1,4,0,0,2,"[ 1,4 ]",36,24124,2,411,44,25072,1,0,0,1,44,25072,0,0,0,0,0,0,0,0,0,0,18,0,0,41,0.0,0,0,0,608.8238,269,0,0,0
169,1,1,1,0,0,2,3,0,0,2,"[ 2,3 ]",38,24323,1,411,123,22046,1,0,0,1,123,22046,0,0,0,0,0,0,18,19,0,0,0,0,0,0,265.31738,279,0,0,0.0,0,0,0,0
173,1,1,1,0,0,1,3,0,0,2,"[ 1,3 ]",38,24474,1,411,393,22335,1,0,0,1,393,22335,0,0,0,0,0,0,18,19,0,0,0,0,0,0,264.47278,276,0,0,0.0,0,0,0,0
173,1,2,1,0,0,1,4,0,0,2,"[ 1,4 ]",38,24474,2,411,44,25072,1,0,0,1,44,25072,0,0,0,0,0,0,22,22,0,0,0,0,0,0,324.47278,329,0,0,0.0,0,0,0,0
173,2,0,0,1,1,1,3,0,0,2,"[ 1,3 ]",38,24474,3,411,393,22335,1,0,0,1,393,22335,0,0,0,0,0,0,0,0,0,0,19,0,0,49,0.0,0,0,0,729.4728,276,0,0,0
173,1,3,1,0,0,2,5,0,0,2,"[ 2,5 ]",38,24474,1,411,44,25235,1,0,0,1,44,25235,0,0,0,0,0,0,23,23,0,0,0,0,0,0,339.47278,344,0,0,0.0,0,0,0,0
173,2,0,0,2,1,2,5,0,0,2,"[ 2,5 ]",38,24474,2,411,44,25235,1,0,0,1,44,25235,0,0,0,0,0,0,0,0,0,0,23,0,0,56,0.0,0,0,0,834.4728,344,0,0,0
174,1,1,2,0,0,1,3,4,0,3,"[ 1,3,4 ]",40,24627,1,1,135,23718,1,1,0,1,94,23540,2,78,24009,0,0,0,18,18,18,0,0,0,0,0,257.07556,262,269,0,0.0,0,0,0,0
174,2,0,0,1,1,1,3,4,0,3,"[ 1,3,4 ]",40,24627,2,411,94,23540,1,1,0,1,94,23540,2,78,24009,0,0,0,0,0,0,0,18,18,0,47,0.0,0,0,0,692.07556,262,269,0,2
177,1,1,2,0,0,1,4,0,0,2,"[ 1,4 ]",41,22159,1,1,380,21878,1,0,0,1,195,22321,0,0,0,0,0,0,23,23,0,0,0,0,0,0,337.70816,340,0,0,0.0,0,0,0,0
181,1,1,1,0,0,1,3,0,0,2,"[ 1,3 ]",41,22195,1,411,123,22046,1,0,0,1,123,22046,0,0,0,0,0,0,16,17,0,0,0,0,0,0,236.81993,248,0,0,0.0,0,0,0,0
181,2,0,0,1,1,1,4,3,0,3,"[ 1,4,3 ]",41,22195,2,411,23,23410,1,1,0,3,23,23410,1,123,22046,0,0,0,0,0,0,0,45,17,0,50,0.0,0,0,0,746.81995,667,248,0,1
188,1,1,2,0,0,1,5,0,0,2,"[ 1,5 ]",44,25072,1,1,94,23489,1,0,0,1,44,25072,0,0,0,0,0,0,19,19,0,0,0,0,0,0,274.087,274,0,0,0.0,0,0,0,0
191,1,1,1,0,0,1,3,0,0,2,"[ 1,3 ]",44,25072,1,411,123,22046,1,0,0,1,123,22046,0,0,0,0,0,0,18,19,0,0,0,0,0,0,262.14594,283,0,0,0.0,0,0,0,0
197,1,1,1,0,0,1,7,0,0,2,"[ 1,7 ]",44,25321,2,411,44,25235,1,0,0,1,44,25235,0,0,0,0,0,0,24,24,0,0,0,0,0,0,354.66824,355,0,0,0.0,0,0,0,0
197,1,2,1,0,0,1,5,0,0,2,"[ 1,5 ]",44,25321,3,411,44,25142,1,0,0,1,44,25142,0,0,0,0,0,0,29,29,0,0,0,0,0,0,429.66824,430,0,0,0.0,0,0,0,0
197,2,0,0,1,1,1,6,0,0,2,"[ 1,6 ]",44,25321,4,411,45,25331,1,0,0,2,45,25331,0,0,0,0,0,0,0,0,0,0,36,0,0,36,0.0,0,0,0,534.6683,528,0,0,0
197,2,0,0,2,1,1,5,0,0,2,"[ 1,5 ]",44,25321,5,411,44,25142,1,0,0,1,44,25142,0,0,0,0,0,0,0,0,0,0,29,0,0,58,0.0,0,0,0,864.6683,430,0,0,0
200,1,1,1,0,0,2,5,4,0,3,"[ 2,5,4 ]",45,25331,1,411,44,25072,1,1,0,1,44,25072,2,44,25142,0,0,0,16,16,17,0,0,0,0,0,234.79016,236,242,0,0.0,0,0,0,0
200,1,2,1,0,0,2,3,0,0,2,"[ 2,3 ]",45,25331,2,411,358,26241,1,0,0,1,358,26241,0,0,0,0,0,0,18,19,0,0,0,0,0,0,264.79016,283,0,0,0.0,0,0,0,0
205,2,0,0,1,1,1,3,0,0,2,"[ 1,3 ]",47,25328,1,411,44,25142,1,0,0,2,44,25142,0,0,0,0,0,0,0,0,0,0,46,0,0,46,0.0,0,0,0,675.7409,676,0,0,0
206,1,1,1,0,0,1,3,0,0,2,"[ 1,3 ]",47,25357,1,411,44,25235,1,0,0,1,44,25235,0,0,0,0,0,0,23,23,0,0,0,0,0,0,333.7362,339,0,0,0.0,0,0,0,0
206,2,0,0,1,1,1,3,0,0,2,"[ 1,3 ]",47,25357,2,411,44,25235,1,0,0,1,44,25235,0,0,0,0,0,0,0,0,0,0,23,0,0,52,0.0,0,0,0,768.7362,339,0,0,1
211,1,1,1,0,0,2,4,0,0,2,"[ 2,4 ]",48,25631,1,411,44,25142,1,0,0,1,44,25142,0,0,0,0,0,0,18,18,0,0,0,0,0,0,258.35855,266,0,0,0.0,0,0,0,0
212,1,1,2,0,0,1,4,0,0,2,"[ 1,4 ]",49,25524,1,1,186,23441,1,0,0,1,44,25072,0,0,0,0,0,0,16,17,0,0,0,0,0,0,238.07248,244,0,0,0.0,0,0,0,0
214,2,0,0,1,1,1,4,0,0,2,"[ 1,4 ]",49,25524,2,411,44,25072,1,0,0,1,44,25072,0,0,0,0,0,0,0,0,0,0,19,0,0,48,0.0,0,0,0,718.35077,274,0,0,0
214,1,1,2,0,0,2,4,0,0,2,"[ 2,4 ]",49,25524,1,1,49,25524,1,0,0,1,44,25072,0,0,0,0,0,0,18,19,0,0,0,0,0,0,268.35074,274,0,0,0.0,0,0,0,0
219,2,0,0,1,1,1,3,0,0,2,"[ 1,3 ]",50,25640,3,411,45,25143,1,0,0,2,45,25143,0,0,0,0,0,0,0,0,0,0,51,0,0,51,0.0,0,0,0,759.93475,754,0,0,2
224,1,1,1,0,0,2,4,0,0,2,"[ 2,4 ]",51,25633,1,411,53,24076,1,0,0,1,53,24076,0,0,0,0,0,0,17,18,0,0,0,0,0,0,248.07071,260,0,0,0.0,0,0,0,0
224,2,0,0,1,1,2,3,0,0,2,"[ 2,3 ]",51,25633,3,411,44,25235,1,0,0,2,44,25235,0,0,0,0,0,0,0,0,0,0,51,0,0,51,0.0,0,0,0,758.07074,753,0,0,2
228,2,0,0,1,2,1,4,6,0,3,"[ 1,4,6 ]",51,25644,1,1,51,25644,1,1,0,2,44,25072,2,49,25524,0,0,0,0,0,0,0,48,49,0,50,0.0,0,0,0,738.46814,708,722,0,0
228,1,1,1,0,0,2,5,0,0,2,"[ 2,5 ]",51,25644,1,411,17,23643,1,0,0,1,17,23643,0,0,0,0,0,0,22,23,0,0,0,0,0,0,318.46814,332,0,0,0.0,0,0,0,0
228,2,0,0,2,1,2,5,0,0,2,"[ 2,5 ]",51,25644,3,411,17,23643,1,0,0,1,17,23643,0,0,0,0,0,0,0,0,0,0,23,0,0,37,0.0,0,0,0,543.46814,332,0,0,1
230,1,1,2,0,0,1,3,0,0,2,"[ 1,3 ]",52,25402,1,1,86,24528,1,0,0,1,87,25067,0,0,0,0,0,0,23,24,0,0,0,0,0,0,335.6695,347,0,0,0.0,0,0,0,0
240,1,1,1,0,0,1,4,0,0,2,"[ 1,4 ]",55,24198,1,411,393,22335,1,0,0,1,393,22335,0,0,0,0,0,0,18,19,0,0,0,0,0,0,269.85068,279,0,0,0.0,0,0,0,0
240,2,0,0,1,1,1,5,0,0,2,"[ 1,5 ]",55,24198,2,411,44,25072,1,0,0,2,44,25072,0,0,0,0,0,0,0,0,0,0,48,0,0,48,0.0,0,0,0,719.8507,716,0,0,0
243,1,1,2,0,0,1,5,0,0,2,"[ 1,5 ]",55,24264,1,1,55,24264,1,0,0,1,385,23234,0,0,0,0,0,0,19,19,0,0,0,0,0,0,273.54883,279,0,0,0.0,0,0,0,0
243,2,0,0,1,2,1,5,0,0,2,"[ 1,5 ]",55,24264,2,1,55,24264,1,0,0,1,385,23234,0,0,0,0,0,0,0,0,0,0,19,0,0,61,0.0,0,0,0,903.5488,279,0,0,0
243,1,2,1,0,0,2,3,0,0,2,"[ 2,3 ]",55,24264,1,411,358,26241,1,0,0,1,358,26241,0,0,0,0,0,0,14,16,0,0,0,0,0,0,198.54883,229,0,0,0.0,0,0,0,0
248,1,1,1,0,0,2,4,0,0,2,"[ 2,4 ]",55,24267,1,411,219,20205,1,0,0,1,219,20205,0,0,0,0,0,0,19,22,0,0,0,0,0,0,284.73038,320,0,0,0.0,0,0,0,0
248,2,0,0,1,1,2,4,0,0,2,"[ 2,4 ]",55,24267,3,411,219,20205,1,0,0,1,219,20205,0,0,0,0,0,0,0,0,0,0,22,0,0,52,0.0,0,0,0,779.7304,320,0,0,0
250,1,1,2,0,0,1,4,0,0,2,"[ 1,4 ]",55,24289,1,1,134,23159,1,0,0,1,56,24451,0,0,0,0,0,0,17,17,0,0,0,0,0,0,249.76382,250,0,0,0.0,0,0,0,0
252,1,1,2,0,0,2,4,5,0,3,"[ 2,4,5 ]",55,24289,1,1,444,444,1,1,0,1,23,23410,2,219,20205,0,0,0,19,19,22,0,0,0,0,0,281.49335,285,323,0,0.0,0,0,0,0
256,1,1,2,0,0,1,6,0,0,2,"[ 1,6 ]",55,24341,1,1,55,24341,1,0,0,1,94,23540,0,0,0,0,0,0,18,18,0,0,0,0,0,0,259.11942,260,0,0,0.0,0,0,0,0
256,2,0,0,1,2,1,6,0,0,2,"[ 1,6 ]",55,24341,1,1,55,24341,1,0,0,1,94,23540,0,0,0,0,0,0,0,0,0,0,18,0,0,57,0.0,0,0,0,844.11945,260,0,0,3
256,1,2,2,0,0,2,5,4,0,3,"[ 2,5,4 ]",55,24341,1,1,59,24511,1,1,0,1,53,24076,2,87,25067,0,0,0,17,17,18,0,0,0,0,0,244.11942,245,261,0,0.0,0,0,0,0
264,1,1,1,0,0,2,3,0,0,2,"[ 2,3 ]",55,24452,1,411,53,24076,1,0,0,1,53,24076,0,0,0,0,0,0,18,19,0,0,0,0,0,0,269.9412,271,0,0,0.0,0,0,0,0
268,1,1,1,0,0,1,3,0,0,2,"[ 1,3 ]",57,24557,1,411,53,24076,1,0,0,1,53,24076,0,0,0,0,0,0,17,17,0,0,0,0,0,0,241.4067,242,0,0,0.0,0,0,0,0
268,2,0,0,1,1,1,3,0,0,2,"[ 1,3 ]",57,24557,2,411,53,24076,1,0,0,1,53,24076,0,0,0,0,0,0,0,0,0,0,17,0,0,24,0.0,0,0,0,346.40668,242,0,0,3
271,1,1,1,0,0,2,5,0,0,2,"[ 2,5 ]",57,24609,1,411,78,24009,1,0,0,1,78,24009,0,0,0,0,0,0,16,16,0,0,0,0,0,0,233.59773,237,0,0,0.0,0,0,0,0
271,1,2,1,0,0,2,3,4,0,3,"[ 2,3,4 ]",57,24609,2,411,44,25235,1,1,0,1,44,25235,2,44,25235,0,0,0,21,21,22,0,0,0,0,0,308.59775,315,322,0,0.0,0,0,0,0
274,1,1,2,0,0,2,6,0,0,2,"[ 2,6 ]",57,24712,2,1,184,23323,1,0,0,1,22,23762,0,0,0,0,0,0,17,17,0,0,0,0,0,0,249.22754,252,0,0,0.0,0,0,0,0
274,2,0,0,1,1,2,4,0,0,2,"[ 2,4 ]",57,24712,3,411,193,22404,1,0,0,2,193,22404,0,0,0,0,0,0,0,0,0,0,51,0,0,52,0.0,0,0,0,774.22754,764,0,0,0
281,1,1,1,0,0,2,4,0,0,2,"[ 2,4 ]",57,24755,1,411,53,24076,1,0,0,1,53,24076,0,0,0,0,0,0,19,19,0,0,0,0,0,0,280.48938,281,0,0,0.0,0,0,0,0
282,1,1,1,0,0,1,4,6,0,3,"[ 1,4,6 ]",57,24800,1,411,44,25235,1,1,0,1,44,25235,2,138,23316,0,0,0,20,20,21,0,0,0,0,0,287.7004,294,309,0,0.0,0,0,0,0
282,2,0,0,1,1,1,6,0,0,2,"[ 1,6 ]",57,24800,2,411,138,23316,1,0,0,2,138,23316,0,0,0,0,0,0,0,0,0,0,21,0,0,55,0.0,0,0,0,812.7004,309,0,0,0
286,1,1,1,0,0,2,3,0,0,2,"[ 2,3 ]",58,24857,1,411,138,23316,1,0,0,1,138,23316,0,0,0,0,0,0,20,21,0,0,0,0,0,0,298.92758,305,0,0,0.0,0,0,0,0
286,2,0,0,1,1,2,3,0,0,2,"[ 2,3 ]",58,24857,2,411,138,23316,1,0,0,1,138,23316,0,0,0,0,0,0,0,0,0,0,21,0,0,52,0.0,0,0,0,778.92755,305,0,0,0
307,1,1,2,0,0,1,2,0,0,2,"[ 1,2 ]",63,25141,1,1,136,22465,1,0,0,1,53,24076,0,0,0,0,0,0,19,19,0,0,0,0,0,0,274.4014,278,0,0,0.0,0,0,0,0
351,1,1,2,0,0,2,5,0,0,2,"[ 2,5 ]",76,23855,1,1,22,23646,1,0,0,1,78,24009,0,0,0,0,0,0,17,17,0,0,0,0,0,0,248.87958,250,0,0,0.0,0,0,0,0
355,1,1,1,0,0,1,5,0,0,2,"[ 1,5 ]",77,23970,1,411,384,23100,1,0,0,1,384,23100,0,0,0,0,0,0,20,21,0,0,0,0,0,0,298.91846,304,0,0,0.0,0,0,0,0
355,1,2,1,0,0,1,4,0,0,2,"[ 1,4 ]",77,23970,2,411,56,24451,1,0,0,1,56,24451,0,0,0,0,0,0,22,22,0,0,0,0,0,0,328.91846,330,0,0,0.0,0,0,0,0
356,2,0,0,1,2,1,3,0,0,2,"[ 1,3 ]",77,24002,1,1,77,24002,1,0,0,2,78,24009,0,0,0,0,0,0,0,0,0,0,52,0,0,53,0.0,0,0,0,791.94977,777,0,0,0
368,1,1,2,0,0,1,4,3,0,3,"[ 1,4,3 ]",78,24136,1,1,136,22601,1,1,0,1,65,25346,2,95,23383,0,0,0,19,20,21,0,0,0,0,0,279.03555,293,314,0,0.0,0,0,0,0
371,1,1,2,0,0,1,4,0,0,2,"[ 1,4 ]",78,24140,1,1,53,24076,1,0,0,1,87,25067,0,0,0,0,0,0,19,19,0,0,0,0,0,0,272.56226,281,0,0,0.0,0,0,0,0
371,1,2,1,0,0,2,3,0,0,2,"[ 2,3 ]",78,24140,1,411,138,23316,1,0,0,1,138,23316,0,0,0,0,0,0,23,23,0,0,0,0,0,0,332.56226,338,0,0,0.0,0,0,0,0
373,1,1,2,0,0,1,4,0,0,2,"[ 1,4 ]",78,24215,1,1,389,22300,1,0,0,1,56,24451,0,0,0,0,0,0,17,17,0,0,0,0,0,0,247.73555,248,0,0,0.0,0,0,0,0
379,1,1,1,0,0,1,4,0,0,2,"[ 1,4 ]",78,24221,1,411,23,23410,1,0,0,1,23,23410,0,0,0,0,0,0,22,23,0,0,0,0,0,0,328.27112,333,0,0,0.0,0,0,0,0
379,2,0,0,1,1,1,3,4,0,3,"[ 1,3,4 ]",78,24221,2,411,56,24451,1,1,0,2,56,24451,1,23,23410,0,0,0,0,0,0,0,49,23,0,50,0.0,0,0,0,748.2711,729,333,0,0
391,1,1,1,0,0,2,5,0,0,2,"[ 2,5 ]",78,24427,1,411,123,22046,1,0,0,1,123,22046,0,0,0,0,0,0,21,21,0,0,0,0,0,0,300.72046,311,0,0,0.0,0,0,0,0
395,1,1,2,0,0,1,5,0,0,2,"[ 1,5 ]",79,24171,1,1,174,25163,1,0,0,1,94,23540,0,0,0,0,0,0,19,19,0,0,0,0,0,0,282.60693,285,0,0,0.0,0,0,0,0
396,2,0,0,1,1,1,5,0,0,2,"[ 1,5 ]",79,24189,1,411,37,24209,1,0,0,2,37,24209,0,0,0,0,0,0,0,0,0,0,52,0,0,53,0.0,0,0,0,789.3425,777,0,0,1
396,2,0,0,2,1,3,4,0,0,2,"[ 3,4 ]",79,24189,1,411,53,24076,1,0,0,2,53,24076,0,0,0,0,0,0,0,0,0,0,43,0,0,43,0.0,0,0,0,639.3425,636,0,0,2
401,1,1,1,0,0,2,5,0,0,2,"[ 2,5 ]",79,24310,1,411,78,24009,1,0,0,1,78,24009,0,0,0,0,0,0,20,20,0,0,0,0,0,0,297.6222,299,0,0,0.0,0,0,0,0
401,1,2,1,0,0,2,3,0,0,2,"[ 2,3 ]",79,24310,2,411,79,24419,1,0,0,1,79,24419,0,0,0,0,0,0,24,24,0,0,0,0,0,0,357.6222,358,0,0,0.0,0,0,0,0
401,2,0,0,1,1,2,5,0,0,2,"[ 2,5 ]",79,24310,3,411,78,24009,1,0,0,1,78,24009,0,0,0,0,0,0,0,0,0,0,20,0,0,51,0.0,0,0,0,762.6222,299,0,0,0
401,2,0,0,2,1,2,3,0,0,2,"[ 2,3 ]",79,24310,4,411,79,24419,1,0,0,1,79,24419,0,0,0,0,0,0,0,0,0,0,24,0,0,54,0.0,0,0,0,807.6222,358,0,0,0
405,1,1,1,0,0,1,4,0,0,2,"[ 1,4 ]",79,24358,1,411,87,25067,1,0,0,1,87,25067,0,0,0,0,0,0,23,23,0,0,0,0,0,0,331.49167,338,0,0,0.0,0,0,0,0
405,2,0,0,1,1,1,4,0,0,2,"[ 1,4 ]",79,24358,4,411,87,25067,1,0,0,1,87,25067,0,0,0,0,0,0,0,0,0,0,23,0,0,51,0.0,0,0,0,751.4917,338,0,0,0
409,1,1,2,0,0,1,4,0,0,2,"[ 1,4 ]",79,24518,1,1,206,22387,1,0,0,1,358,26241,0,0,0,0,0,0,20,21,0,0,0,0,0,0,285.98373,313,0,0,0.0,0,0,0,0
409,1,2,2,0,0,2,5,0,0,2,"[ 2,5 ]",79,24518,1,1,56,24451,1,0,0,1,87,25067,0,0,0,0,0,0,22,22,0,0,0,0,0,0,315.98373,323,0,0,0.0,0,0,0,0
420,1,1,2,0,0,1,3,0,0,2,"[ 1,3 ]",80,24046,1,1,447,447,1,0,0,1,358,26241,0,0,0,0,0,0,20,22,0,0,0,0,0,0,292.7365,320,0,0,0.0,0,0,0,0
430,1,1,2,0,0,1,3,0,0,2,"[ 1,3 ]",81,23824,1,1,84,24522,1,0,0,1,53,24076,0,0,0,0,0,0,18,18,0,0,0,0,0,0,261.42993,265,0,0,0.0,0,0,0,0
430,1,2,1,0,0,2,4,0,0,2,"[ 2,4 ]",81,23824,1,411,393,22335,1,0,0,1,393,22335,0,0,0,0,0,0,18,18,0,0,0,0,0,0,261.42993,266,0,0,0.0,0,0,0,0
432,2,0,0,1,1,2,4,0,0,2,"[ 2,4 ]",81,23827,2,411,53,24076,1,0,0,2,53,24076,0,0,0,0,0,0,0,0,0,0,47,0,0,48,0.0,0,0,0,705.0417,705,0,0,0
439,1,1,2,0,0,1,3,0,0,2,"[ 1,3 ]",81,24043,1,1,81,24043,1,0,0,1,393,22335,0,0,0,0,0,0,18,18,0,0,0,0,0,0,260.76956,266,0,0,0.0,0,0,0,0
439,2,0,0,1,1,1,4,0,0,2,"[ 1,4 ]",81,24043,2,411,79,24419,1,0,0,2,79,24419,0,0,0,0,0,0,0,0,0,0,55,0,0,56,0.0,0,0,0,830.7696,824,0,0,0
447,1,1,1,0,0,1,3,0,0,2,"[ 1,3 ]",83,24157,1,411,56,24451,1,0,0,1,56,24451,0,0,0,0,0,0,19,19,0,0,0,0,0,0,274.01096,278,0,0,0.0,0,0,0,0
447,2,0,0,1,1,1,2,0,0,2,"[ 1,2 ]",83,24157,2,411,87,25067,1,0,0,3,87,25067,0,0,0,0,0,0,0,0,0,0,56,0,0,56,0.0,0,0,0,829.011,831,0,0,0
449,1,1,2,0,0,1,2,0,0,2,"[ 1,2 ]",83,24326,1,1,99,23345,1,0,0,1,79,24419,0,0,0,0,0,0,20,20,0,0,0,0,0,0,293.56946,295,0,0,0.0,0,0,0,0
450,1,1,1,0,0,1,4,3,0,3,"[ 1,4,3 ]",83,24469,2,411,87,25091,1,1,0,1,87,25091,2,123,22046,0,0,0,22,22,23,0,0,0,0,0,320.95706,326,345,0,0.0,0,0,0,0
452,1,1,2,0,0,1,3,0,0,2,"[ 1,3 ]",83,24497,1,1,28,23632,1,0,0,1,87,25067,0,0,0,0,0,0,20,20,0,0,0,0,0,0,289.8128,295,0,0,0.0,0,0,0,0
460,1,1,2,0,0,1,3,0,0,2,"[ 1,3 ]",87,24788,1,1,200,22265,1,0,0,1,87,25067,0,0,0,0,0,0,21,21,0,0,0,0,0,0,302.09695,303,0,0,0.0,0,0,0,0
462,1,1,1,0,0,1,2,0,0,2,"[ 1,2 ]",87,25062,1,411,87,25067,1,0,0,1,87,25067,0,0,0,0,0,0,18,18,0,0,0,0,0,0,261.9446,263,0,0,0.0,0,0,0,0
471,1,1,2,0,0,1,4,5,3,4,"[ 1,4,5,3 ]",88,25318,1,1,482,482,1,1,1,1,87,25067,2,87,25067,3,78,24009,23,23,24,25,0,0,0,0,343.42953,345,352,366,0.0,0,0,0,0
471,2,0,0,1,2,1,4,0,0,2,"[ 1,4 ]",88,25318,1,1,88,25318,1,0,0,1,87,25067,0,0,0,0,0,0,0,0,0,0,23,0,0,54,0.0,0,0,0,808.42957,345,0,0,0
471,2,0,0,2,2,2,5,0,0,2,"[ 2,5 ]",88,25318,1,1,88,25318,1,0,0,2,87,25067,0,0,0,0,0,0,0,0,0,0,24,0,0,60,0.0,0,0,0,898.42957,352,0,0,0
476,1,1,2,0,0,2,6,0,0,2,"[ 2,6 ]",91,25369,2,1,441,441,1,0,0,1,56,24451,0,0,0,0,0,0,15,16,0,0,0,0,0,0,214.37778,233,0,0,0.0,0,0,0,0
477,2,0,0,1,1,1,3,0,0,2,"[ 1,3 ]",91,25546,2,411,358,26241,1,0,0,2,358,26241,0,0,0,0,0,0,0,0,0,0,45,0,0,46,0.0,0,0,0,675.9752,670,0,0,0
477,1,1,1,0,0,2,4,6,0,3,"[ 2,4,6 ]",91,25546,2,411,87,25067,1,2,0,1,87,25067,4,87,25067,0,0,0,19,19,20,0,0,0,0,0,270.97522,280,287,0,0.0,0,0,0,0
477,2,0,0,2,1,2,6,0,0,2,"[ 2,6 ]",91,25546,4,411,87,25067,2,0,0,4,87,25067,0,0,0,0,0,0,0,0,0,0,20,0,0,51,0.0,0,0,0,750.9752,287,0,0,0
479,1,1,1,0,0,1,4,5,0,3,"[ 1,4,5 ]",94,23489,1,411,53,24076,1,1,0,1,53,24076,2,94,23540,0,0,0,18,18,19,0,0,0,0,0,267.48148,269,277,0,0.0,0,0,0,0
479,2,0,0,1,1,1,4,0,0,2,"[ 1,4 ]",94,23489,2,411,53,24076,1,0,0,1,53,24076,0,0,0,0,0,0,0,0,0,0,18,0,0,48,0.0,0,0,0,717.4815,269,0,0,0
481,1,1,1,0,0,1,5,0,0,2,"[ 1,5 ]",94,23653,2,411,23,23410,1,0,0,1,23,23410,0,0,0,0,0,0,21,21,0,0,0,0,0,0,307.46912,310,0,0,0.0,0,0,0,0
488,1,1,2,0,0,2,3,0,0,2,"[ 2,3 ]",95,23307,1,1,179,23439,1,0,0,1,154,21809,0,0,0,0,0,0,17,18,0,0,0,0,0,0,244.64526,260,0,0,0.0,0,0,0,0
489,1,1,2,0,0,1,3,5,0,3,"[ 1,3,5 ]",95,23351,1,1,221,20376,1,1,0,1,115,22614,2,94,23540,0,0,0,19,19,20,0,0,0,0,0,274.34702,277,286,0,0.0,0,0,0,0
491,1,1,2,0,0,1,4,0,0,2,"[ 1,4 ]",95,23370,1,1,358,26477,1,0,0,1,336,26623,0,0,0,0,0,0,19,22,0,0,0,0,0,0,280.97162,324,0,0,0.0,0,0,0,0
491,2,0,0,1,2,1,5,0,0,2,"[ 1,5 ]",95,23370,1,1,95,23370,1,0,0,3,115,22553,0,0,0,0,0,0,0,0,0,0,52,0,0,53,0.0,0,0,0,790.9716,770,0,0,1
498,2,0,0,1,2,2,4,0,0,2,"[ 2,4 ]",96,23488,1,1,96,23488,1,0,0,3,44,25142,0,0,0,0,0,0,0,0,0,0,56,0,0,56,0.0,0,0,0,836.9741,826,0,0,0
504,2,0,0,1,1,1,3,0,0,2,"[ 1,3 ]",96,23600,2,411,97,23836,1,0,0,1,97,23836,0,0,0,0,0,0,0,0,0,0,22,0,0,54,0.0,0,0,0,807.2262,327,0,0,1
504,1,1,1,0,0,2,3,0,0,2,"[ 2,3 ]",96,23600,1,411,97,23836,1,0,0,1,97,23836,0,0,0,0,0,0,22,22,0,0,0,0,0,0,327.22623,327,0,0,0.0,0,0,0,0
508,2,0,0,1,1,1,3,0,0,2,"[ 1,3 ]",96,23727,1,411,174,25163,1,0,0,1,174,25163,0,0,0,0,0,0,0,0,0,0,22,0,0,49,0.0,0,0,0,730.08856,330,0,0,1
508,1,1,2,0,0,2,3,0,0,2,"[ 2,3 ]",96,23727,1,1,123,22123,1,0,0,1,174,25163,0,0,0,0,0,0,22,22,0,0,0,0,0,0,325.0886,330,0,0,0.0,0,0,0,0
510,1,1,1,0,0,2,3,0,0,2,"[ 2,3 ]",97,23774,1,411,53,24076,1,0,0,1,53,24076,0,0,0,0,0,0,17,18,0,0,0,0,0,0,253.64966,256,0,0,0.0,0,0,0,0
520,1,1,2,0,0,1,4,0,0,2,"[ 1,4 ]",102,22173,2,1,134,23283,1,0,0,1,123,22046,0,0,0,0,0,0,19,19,0,0,0,0,0,0,282.6305,284,0,0,0.0,0,0,0,0
520,2,0,0,1,2,1,5,0,0,2,"[ 1,5 ]",102,22173,2,1,102,22173,1,0,0,2,106,22353,0,0,0,0,0,0,0,0,0,0,52,0,0,53,0.0,0,0,0,792.6305,774,0,0,0
523,1,1,1,0,0,3,5,6,0,3,"[ 3,5,6 ]",102,22293,1,411,123,22046,1,1,0,1,123,22046,2,123,22046,0,0,0,15,15,15,0,0,0,0,0,214.56107,216,222,0,0.0,0,0,0,0
523,2,0,0,1,1,3,6,0,0,2,"[ 3,6 ]",102,22293,2,411,123,22046,1,0,0,2,123,22046,0,0,0,0,0,0,0,0,0,0,15,0,0,50,0.0,0,0,0,739.56104,222,0,0,1
525,1,1,2,0,0,2,3,5,0,3,"[ 2,3,5 ]",102,22293,1,1,389,22300,1,1,0,1,123,22046,2,123,22046,0,0,0,16,16,16,0,0,0,0,0,230.57431,232,238,0,0.0,0,0,0,0
528,2,0,0,1,1,2,6,0,0,2,"[ 2,6 ]",105,21877,2,411,336,26623,1,0,0,2,336,26623,0,0,0,0,0,0,0,0,0,0,61,0,0,61,0.0,0,0,0,911.3362,903,0,0,0
534,1,1,2,0,0,2,3,4,0,3,"[ 2,3,4 ]",105,22104,1,1,447,447,1,1,0,1,123,22046,2,123,22046,0,0,0,19,19,19,0,0,0,0,0,274.1797,275,281,0,0.0,0,0,0,0
535,1,1,2,0,0,1,5,0,0,2,"[ 1,5 ]",105,22104,1,1,447,447,1,0,0,1,393,22335,0,0,0,0,0,0,23,23,0,0,0,0,0,0,330.27725,333,0,0,0.0,0,0,0,0
536,1,1,2,0,0,5,4,0,0,2,"[ 5,4 ]",105,22104,2,1,447,447,1,0,0,1,123,22046,0,0,0,0,0,0,20,20,0,0,0,0,0,0,289.43393,290,0,0,0.0,0,0,0,0
546,1,1,2,0,0,1,3,4,0,3,"[ 1,3,4 ]",106,22395,2,1,444,444,1,1,0,1,123,22046,2,123,22046,0,0,0,18,18,18,0,0,0,0,0,258.2977,262,268,0,0.0,0,0,0,0
548,1,1,2,0,0,1,2,0,0,2,"[ 1,2 ]",106,22423,1,1,106,22352,1,0,0,1,106,22353,0,0,0,0,0,0,18,18,0,0,0,0,0,0,266.9163,267,0,0,0.0,0,0,0,0
548,2,0,0,1,2,1,2,0,0,2,"[ 1,2 ]",106,22423,1,1,106,22423,1,0,0,1,106,22353,0,0,0,0,0,0,0,0,0,0,18,0,0,50,0.0,0,0,0,746.9163,267,0,0,3
551,2,0,0,1,2,1,3,0,0,2,"[ 1,3 ]",106,22623,1,1,106,22623,1,0,0,1,87,24788,0,0,0,0,0,0,0,0,0,0,22,0,0,53,0.0,0,0,0,782.7846,329,0,0,1
551,1,1,1,0,0,2,3,0,0,2,"[ 2,3 ]",106,22623,1,411,87,24788,1,0,0,1,87,24788,0,0,0,0,0,0,22,22,0,0,0,0,0,0,317.78464,329,0,0,0.0,0,0,0,0
552,1,1,2,0,0,2,3,0,0,2,"[ 2,3 ]",106,22623,2,1,444,444,1,0,0,1,393,22589,0,0,0,0,0,0,18,18,0,0,0,0,0,0,259.23917,260,0,0,0.0,0,0,0,0
573,1,1,2,0,0,1,4,0,0,2,"[ 1,4 ]",107,23141,1,1,444,444,1,0,0,1,106,22701,0,0,0,0,0,0,19,19,0,0,0,0,0,0,276.53635,283,0,0,0.0,0,0,0,0
573,2,0,0,1,2,1,3,4,0,3,"[ 1,3,4 ]",107,23141,1,1,107,23141,1,1,0,1,106,22353,1,106,22701,0,0,0,0,0,0,0,21,19,0,50,0.0,0,0,0,741.5364,313,283,0,0
573,1,2,2,0,0,2,3,0,0,2,"[ 2,3 ]",107,23141,1,1,444,444,1,0,0,1,106,22353,0,0,0,0,0,0,21,21,0,0,0,0,0,0,306.53635,313,0,0,0.0,0,0,0,0
595,1,1,1,0,0,2,4,0,0,2,"[ 2,4 ]",111,23335,1,411,79,24419,1,0,0,1,79,24419,0,0,0,0,0,0,16,16,0,0,0,0,0,0,237.02875,240,0,0,0.0,0,0,0,0
595,2,0,0,1,1,2,4,0,0,2,"[ 2,4 ]",111,23335,3,411,79,24419,1,0,0,1,79,24419,0,0,0,0,0,0,0,0,0,0,16,0,0,47,0.0,0,0,0,702.02875,240,0,0,2
597,1,1,2,0,0,1,3,0,0,2,"[ 1,3 ]",111,23342,1,1,134,23155,1,0,0,1,87,25067,0,0,0,0,0,0,38,39,0,0,0,0,0,0,566.27783,581,0,0,0.0,0,0,0,0
602,1,1,2,0,0,1,2,0,0,2,"[ 1,2 ]",111,23393,1,1,59,24622,1,0,0,1,199,22118,0,0,0,0,0,0,24,25,0,0,0,0,0,0,350.69635,361,0,0,0.0,0,0,0,0
602,2,0,0,1,1,4,2,0,0,2,"[ 4,2 ]",111,23393,2,411,199,22118,1,0,0,1,199,22118,0,0,0,0,0,0,0,0,0,0,25,0,0,68,0.0,0,0,0,1010.69635,361,0,0,0
606,1,1,2,0,0,1,4,3,0,3,"[ 1,4,3 ]",112,22569,1,1,134,23155,1,1,0,1,44,25142,2,115,22688,0,0,0,18,19,20,0,0,0,0,0,263.18643,277,297,0,0.0,0,0,0,0
615,1,1,2,0,0,1,2,0,0,2,"[ 1,2 ]",113,22992,1,1,46,25128,1,0,0,1,53,24076,0,0,0,0,0,0,17,17,0,0,0,0,0,0,243.16643,249,0,0,0.0,0,0,0,0
618,1,1,2,0,0,1,7,5,0,3,"[ 1,7,5 ]",114,22837,2,1,114,22837,2,1,0,5,154,21811,2,285,21019,0,0,0,19,20,22,0,0,0,0,0,284.97906,297,317,0,0.0,0,0,0,0
618,1,2,1,0,0,2,6,0,0,2,"[ 2,6 ]",114,22837,2,411,123,22046,1,0,0,1,123,22046,0,0,0,0,0,0,19,20,0,0,0,0,0,0,284.97906,296,0,0,0.0,0,0,0,0
621,1,1,1,0,0,1,8,0,0,2,"[ 1,8 ]",114,22891,1,411,115,22522,1,0,0,1,115,22522,0,0,0,0,0,0,17,17,0,0,0,0,0,0,246.2406,246,0,0,0.0,0,0,0,0
621,1,2,1,0,0,1,7,0,0,2,"[ 1,7 ]",114,22891,2,411,53,24076,1,0,0,1,53,24076,0,0,0,0,0,0,20,20,0,0,0,0,0,0,291.2406,296,0,0,0.0,0,0,0,0
621,2,0,0,1,2,4,8,0,0,2,"[ 4,8 ]",114,22891,1,1,114,22891,1,0,0,1,115,22522,0,0,0,0,0,0,0,0,0,0,17,0,0,52,0.0,0,0,0,771.2406,246,0,0,0
624,2,0,0,1,2,2,3,0,0,2,"[ 2,3 ]",114,22949,1,1,114,22949,1,0,0,2,23,23410,0,0,0,0,0,0,0,0,0,0,51,0,0,53,0.0,0,0,0,783.056,765,0,0,0
641,1,1,1,0,0,1,6,0,0,2,"[ 1,6 ]",115,22615,1,411,170,24670,1,0,0,1,170,24670,0,0,0,0,0,0,17,17,0,0,0,0,0,0,247.88893,254,0,0,0.0,0,0,0,0
641,2,0,0,1,1,1,3,0,0,2,"[ 1,3 ]",115,22615,3,411,53,24076,1,0,0,2,53,24076,0,0,0,0,0,0,0,0,0,0,50,0,0,50,0.0,0,0,0,742.8889,745,0,0,0
641,2,0,0,2,1,1,6,0,0,2,"[ 1,6 ]",115,22615,4,411,170,24670,1,0,0,1,170,24670,0,0,0,0,0,0,0,0,0,0,17,0,0,59,0.0,0,0,0,877.8889,254,0,0,0
655,1,1,1,0,0,2,3,0,0,2,"[ 2,3 ]",116,22665,1,411,193,22404,1,0,0,1,193,22404,0,0,0,0,0,0,23,23,0,0,0,0,0,0,336.71982,337,0,0,0.0,0,0,0,0
655,2,0,0,1,1,2,3,0,0,2,"[ 2,3 ]",116,22665,3,411,193,22404,1,0,0,1,193,22404,0,0,0,0,0,0,0,0,0,0,23,0,0,51,0.0,0,0,0,756.7198,337,0,0,2
658,1,1,2,0,0,2,3,0,0,2,"[ 2,3 ]",118,22155,1,1,28,23632,1,0,0,1,123,22046,0,0,0,0,0,0,17,18,0,0,0,0,0,0,246.57999,257,0,0,0.0,0,0,0,0
659,1,1,1,0,0,2,4,0,0,2,"[ 2,4 ]",118,22161,1,411,393,22335,1,0,0,1,393,22335,0,0,0,0,0,0,15,16,0,0,0,0,0,0,220.11542,231,0,0,0.0,0,0,0,0
660,1,1,1,0,0,1,4,0,0,2,"[ 1,4 ]",118,22161,1,411,125,21772,1,0,0,1,125,21772,0,0,0,0,0,0,22,23,0,0,0,0,0,0,326.22488,332,0,0,0.0,0,0,0,0
660,2,0,0,1,1,1,3,0,0,2,"[ 1,3 ]",118,22161,2,411,285,21027,1,0,0,2,285,21027,0,0,0,0,0,0,0,0,0,0,49,0,0,49,0.0,0,0,0,731.22485,723,0,0,0
660,2,0,0,2,1,1,4,0,0,2,"[ 1,4 ]",118,22161,3,411,125,21772,1,0,0,1,125,21772,0,0,0,0,0,0,0,0,0,0,23,0,0,52,0.0,0,0,0,776.22485,332,0,0,0
662,2,0,0,1,2,1,4,0,0,2,"[ 1,4 ]",118,22162,1,1,118,22162,1,0,0,2,131,23535,0,0,0,0,0,0,0,0,0,0,51,0,0,52,0.0,0,0,0,772.98425,765,0,0,0
662,1,1,1,0,0,2,5,0,0,2,"[ 2,5 ]",118,22162,1,411,115,22553,1,0,0,1,115,22553,0,0,0,0,0,0,20,20,0,0,0,0,0,0,292.98428,294,0,0,0.0,0,0,0,0
665,2,0,0,1,2,2,4,0,0,2,"[ 2,4 ]",118,22164,1,1,118,22164,1,0,0,2,123,22046,0,0,0,0,0,0,0,0,0,0,51,0,0,52,0.0,0,0,0,765.5446,755,0,0,0
666,2,0,0,1,1,2,6,0,0,2,"[ 2,6 ]",118,22165,2,411,193,22404,1,0,0,1,193,22404,0,0,0,0,0,0,0,0,0,0,16,0,0,45,0.0,0,0,0,670.2673,236,0,0,4
666,1,1,2,0,0,5,6,0,0,2,"[ 5,6 ]",118,22165,1,1,150,22210,1,0,0,1,193,22404,0,0,0,0,0,0,16,16,0,0,0,0,0,0,235.26726,236,0,0,0.0,0,0,0,0
667,1,1,1,0,0,1,7,0,0,2,"[ 1,7 ]",118,22165,1,411,123,22046,1,0,0,1,123,22046,0,0,0,0,0,0,16,16,0,0,0,0,0,0,228.3495,238,0,0,0.0,0,0,0,0
667,1,2,1,0,0,1,4,0,0,2,"[ 1,4 ]",118,22165,2,411,384,23063,1,0,0,1,384,23063,0,0,0,0,0,0,21,21,0,0,0,0,0,0,303.3495,308,0,0,0.0,0,0,0,0
667,2,0,0,1,1,1,3,0,0,2,"[ 1,3 ]",118,22165,3,411,87,25067,1,0,0,1,87,25067,0,0,0,0,0,0,0,0,0,0,21,0,0,52,0.0,0,0,0,768.3495,307,0,0,0
667,2,0,0,2,1,1,4,0,0,2,"[ 1,4 ]",118,22165,4,411,384,23063,1,0,0,1,384,23063,0,0,0,0,0,0,0,0,0,0,21,0,0,58,0.0,0,0,0,858.3495,308,0,0,0
667,1,3,2,0,0,2,3,0,0,2,"[ 2,3 ]",118,22165,1,1,57,24306,1,0,0,1,87,25067,0,0,0,0,0,0,20,21,0,0,0,0,0,0,288.3495,307,0,0,0.0,0,0,0,0
668,1,1,2,0,0,2,3,0,0,2,"[ 2,3 ]",118,22165,1,1,143,22537,1,0,0,1,193,22404,0,0,0,0,0,0,19,19,0,0,0,0,0,0,280.89838,282,0,0,0.0,0,0,0,0
668,2,0,0,1,2,2,5,4,0,3,"[ 2,5,4 ]",118,22165,1,1,118,22165,1,1,0,2,115,22736,2,115,22737,0,0,0,0,0,0,0,51,52,0,52,0.0,0,0,0,775.8984,760,772,0,0
669,1,1,1,0,0,2,6,0,0,2,"[ 2,6 ]",118,22165,1,411,394,22044,1,0,0,1,394,22044,0,0,0,0,0,0,19,19,0,0,0,0,0,0,271.54224,274,0,0,0.0,0,0,0,0
669,1,2,1,0,0,2,7,0,0,2,"[ 2,7 ]",118,22165,2,411,67,25058,1,0,0,1,67,25058,0,0,0,0,0,0,41,41,0,0,0,0,0,0,601.54224,612,0,0,0.0,0,0,0,0
675,1,1,2,0,0,8,6,5,0,3,"[ 8,6,5 ]",118,22167,1,1,140,22533,1,1,0,1,336,26628,2,125,21772,0,0,0,19,22,26,0,0,0,0,0,273.88995,326,390,0,0.0,0,0,0,0
676,1,1,2,0,0,2,6,0,0,2,"[ 2,6 ]",118,22176,1,1,36,24124,1,0,0,1,154,21811,0,0,0,0,0,0,18,19,0,0,0,0,0,0,269.95804,280,0,0,0.0,0,0,0,0
676,2,0,0,1,2,2,6,0,0,2,"[ 2,6 ]",118,22176,1,1,118,22176,1,0,0,1,154,21811,0,0,0,0,0,0,0,0,0,0,19,0,0,48,0.0,0,0,0,719.95807,280,0,0,0
678,1,1,1,0,0,1,3,0,0,2,"[ 1,3 ]",118,22176,1,411,393,22335,1,0,0,1,393,22335,0,0,0,0,0,0,16,17,0,0,0,0,0,0,230.66219,242,0,0,0.0,0,0,0,0
678,1,2,1,0,0,1,6,0,0,2,"[ 1,6 ]",118,22176,2,411,193,22404,1,0,0,1,193,22404,0,0,0,0,0,0,19,19,0,0,0,0,0,0,275.66217,277,0,0,0.0,0,0,0,0
678,2,0,0,1,1,1,3,0,0,2,"[ 1,3 ]",118,22176,3,411,393,22335,1,0,0,1,393,22335,0,0,0,0,0,0,0,0,0,0,17,0,0,44,0.0,0,0,0,650.6622,242,0,0,0
678,2,0,0,2,1,2,6,0,0,2,"[ 2,6 ]",118,22176,3,411,193,22404,1,0,0,1,193,22404,0,0,0,0,0,0,0,0,0,0,19,0,0,49,0.0,0,0,0,725.6622,277,0,0,2
679,2,0,0,1,1,1,4,0,0,2,"[ 1,4 ]",118,22177,2,411,115,22551,1,0,0,1,115,22551,0,0,0,0,0,0,0,0,0,0,17,0,0,48,0.0,0,0,0,716.7393,253,0,0,1
679,1,1,2,0,0,5,4,3,0,3,"[ 5,4,3 ]",118,22177,1,1,118,22177,1,1,0,1,115,22551,2,193,22404,0,0,0,17,17,18,0,0,0,0,0,251.73935,253,260,0,0.0,0,0,0,0
680,2,0,0,1,1,1,3,0,0,2,"[ 1,3 ]",118,22177,1,411,195,22321,1,0,0,1,195,22321,0,0,0,0,0,0,0,0,0,0,18,0,0,60,0.0,0,0,0,898.6271,256,0,0,0
680,1,1,2,0,0,2,3,0,0,2,"[ 2,3 ]",118,22177,1,1,444,444,1,0,0,1,195,22321,0,0,0,0,0,0,17,18,0,0,0,0,0,0,253.62708,256,0,0,0.0,0,0,0,0
680,2,0,0,2,2,2,6,0,0,2,"[ 2,6 ]",118,22177,1,1,118,22177,1,0,0,2,195,22321,0,0,0,0,0,0,0,0,0,0,49,0,0,50,0.0,0,0,0,748.6271,729,0,0,0
681,1,1,2,0,0,1,6,0,0,2,"[ 1,6 ]",118,22177,1,1,118,22177,1,0,0,1,115,22687,0,0,0,0,0,0,17,17,0,0,0,0,0,0,248.88672,250,0,0,0.0,0,0,0,0
681,1,2,2,0,0,2,4,5,0,3,"[ 2,4,5 ]",118,22177,1,1,467,467,1,1,0,1,193,22404,2,115,22680,0,0,0,22,22,23,0,0,0,0,0,323.88672,325,331,0,0.0,0,0,0,0
683,1,1,2,0,0,1,4,6,0,3,"[ 1,4,6 ]",118,22177,1,1,208,22473,1,1,0,1,125,21772,2,23,23410,0,0,0,19,19,20,0,0,0,0,0,271.2032,277,298,0,0.0,0,0,0,0
683,2,0,0,1,2,1,4,6,5,4,"[ 1,4,6,5 ]",118,22177,1,1,118,22177,1,1,1,1,125,21772,2,23,23410,1,195,22321,0,0,0,0,19,20,21,51,0.0,0,0,0,751.2032,277,298,303,0
683,1,2,2,0,0,2,5,0,0,2,"[ 2,5 ]",118,22177,1,1,203,22028,1,0,0,1,195,22321,0,0,0,0,0,0,21,21,0,0,0,0,0,0,301.2032,303,0,0,0.0,0,0,0,0
688,2,0,0,1,1,3,5,0,0,2,"[ 3,5 ]",118,22247,3,411,195,22321,1,0,0,2,195,22321,0,0,0,0,0,0,0,0,0,0,45,0,0,45,0.0,0,0,0,663.883,664,0,0,1
690,1,1,1,0,0,2,5,3,0,3,"[ 2,5,3 ]",118,22264,1,411,125,21772,1,1,0,1,125,21772,2,384,23100,0,0,0,19,19,20,0,0,0,0,0,270.59027,277,295,0,0.0,0,0,0,0
690,2,0,0,1,1,2,5,0,0,2,"[ 2,5 ]",118,22264,3,411,125,21772,1,0,0,1,125,21772,0,0,0,0,0,0,0,0,0,0,19,0,0,49,0.0,0,0,0,720.5903,277,0,0,0
691,1,1,2,0,0,1,4,5,0,3,"[ 1,4,5 ]",118,22264,1,1,43,24278,1,1,0,1,393,22335,2,94,23540,0,0,0,18,19,20,0,0,0,0,0,269.6526,281,294,0,0.0,0,0,0,0
692,1,1,2,0,0,2,4,0,0,2,"[ 2,4 ]",118,22280,1,1,384,23063,1,0,0,1,146,22821,0,0,0,0,0,0,20,21,0,0,0,0,0,0,295.10217,304,0,0,0.0,0,0,0,0
693,1,1,1,0,0,1,4,0,0,2,"[ 1,4 ]",118,22304,1,411,195,22321,1,0,0,1,195,22321,0,0,0,0,0,0,20,20,0,0,0,0,0,0,293.20996,295,0,0,0.0,0,0,0,0
708,1,1,1,0,0,1,3,0,0,2,"[ 1,3 ]",119,22425,1,411,123,22046,1,0,0,1,123,22046,0,0,0,0,0,0,17,18,0,0,0,0,0,0,252.23639,256,0,0,0.0,0,0,0,0
730,1,1,1,0,0,2,4,0,0,2,"[ 2,4 ]",120,22187,1,411,119,22330,1,0,0,1,119,22330,0,0,0,0,0,0,24,24,0,0,0,0,0,0,353.5977,355,0,0,0.0,0,0,0,0
730,2,0,0,1,1,2,4,0,0,2,"[ 2,4 ]",120,22187,2,411,119,22330,1,0,0,1,119,22330,0,0,0,0,0,0,0,0,0,0,24,0,0,56,0.0,0,0,0,833.5977,355,0,0,0
744,2,0,0,1,1,1,3,0,0,2,"[ 1,3 ]",121,22021,2,411,106,22353,1,0,0,2,106,22353,0,0,0,0,0,0,0,0,0,0,49,0,0,49,0.0,0,0,0,726.26764,722,0,0,1
744,1,1,2,0,0,2,4,0,0,2,"[ 2,4 ]",121,22021,1,1,121,22021,1,0,0,1,388,21612,0,0,0,0,0,0,17,17,0,0,0,0,0,0,246.26765,249,0,0,0.0,0,0,0,0
744,2,0,0,2,2,2,4,0,0,2,"[ 2,4 ]",121,22021,1,1,121,22021,1,0,0,1,388,21612,0,0,0,0,0,0,0,0,0,0,17,0,0,59,0.0,0,0,0,876.26764,249,0,0,1
764,1,1,2,0,0,2,3,0,0,2,"[ 2,3 ]",122,21829,1,1,79,24358,1,0,0,1,123,22046,0,0,0,0,0,0,19,20,0,0,0,0,0,0,281.09937,286,0,0,0.0,0,0,0,0
771,1,1,2,0,0,1,4,0,0,2,"[ 1,4 ]",122,21864,1,1,103,22633,1,0,0,1,123,22046,0,0,0,0,0,0,23,23,0,0,0,0,0,0,330.81717,336,0,0,0.0,0,0,0,0
771,2,0,0,1,2,1,3,0,0,2,"[ 1,3 ]",122,21864,1,1,122,21864,1,0,0,2,125,21772,0,0,0,0,0,0,0,0,0,0,47,0,0,49,0.0,0,0,0,720.8172,701,0,0,0
801,1,1,2,0,0,1,3,0,0,2,"[ 1,3 ]",126,21657,1,1,101,22333,1,0,0,1,120,22094,0,0,0,0,0,0,20,20,0,0,0,0,0,0,287.5259,293,0,0,0.0,0,0,0,0
804,1,1,1,0,0,1,4,0,0,2,"[ 1,4 ]",126,21839,1,411,125,21772,1,0,0,1,125,21772,0,0,0,0,0,0,19,19,0,0,0,0,0,0,277.9538,281,0,0,0.0,0,0,0,0
810,1,1,2,0,0,2,3,0,0,2,"[ 2,3 ]",126,21873,1,3,199,22119,1,0,0,1,195,22321,0,0,0,0,0,0,19,20,0,0,0,0,0,0,283.66397,295,0,0,0.0,0,0,0,0
814,1,1,2,0,0,1,4,5,0,3,"[ 1,4,5 ]",127,21490,1,1,127,21490,1,1,0,1,219,20205,2,267,20720,0,0,0,20,22,24,0,0,0,0,0,299.41293,317,350,0,0.0,0,0,0,0
814,2,0,0,1,1,1,4,0,0,2,"[ 1,4 ]",127,21490,3,411,219,20205,1,0,0,1,219,20205,0,0,0,0,0,0,0,0,0,0,22,0,0,53,0.0,0,0,0,794.41296,317,0,0,0
818,1,1,1,0,0,1,3,0,0,2,"[ 1,3 ]",128,21481,1,411,106,22353,1,0,0,1,106,22353,0,0,0,0,0,0,18,19,0,0,0,0,0,0,263.03613,273,0,0,0.0,0,0,0,0
818,2,0,0,1,1,2,3,4,0,3,"[ 2,3,4 ]",128,21481,3,411,106,22353,1,1,0,1,106,22353,2,106,22353,0,0,0,0,0,0,0,19,49,0,50,0.0,0,0,0,743.03613,273,726,0,1
819,2,0,0,1,1,1,5,0,0,2,"[ 1,5 ]",128,21481,2,411,87,25067,1,0,0,1,87,25067,0,0,0,0,0,0,0,0,0,0,19,0,0,51,0.0,0,0,0,757.3828,283,0,0,0
819,1,1,1,0,0,2,5,3,0,3,"[ 2,5,3 ]",128,21481,1,411,87,25067,1,1,0,1,87,25067,2,393,22335,0,0,0,18,19,20,0,0,0,0,0,262.38278,283,299,0,0.0,0,0,0,0
829,1,1,1,0,0,1,2,0,0,2,"[ 1,2 ]",130,23322,1,411,22,23762,1,0,0,1,22,23762,0,0,0,0,0,0,17,17,0,0,0,0,0,0,253.29321,254,0,0,0.0,0,0,0,0
830,1,1,2,0,0,3,2,0,0,2,"[ 3,2 ]",130,23322,1,1,66,25054,1,0,0,1,123,22046,0,0,0,0,0,0,21,22,0,0,0,0,0,0,306.09766,317,0,0,0.0,0,0,0,0
830,2,0,0,1,2,3,2,0,0,2,"[ 3,2 ]",130,23322,1,1,130,23322,1,0,0,1,123,22046,0,0,0,0,0,0,0,0,0,0,22,0,0,52,0.0,0,0,0,771.09766,317,0,0,0
834,1,1,1,0,0,1,6,0,0,2,"[ 1,6 ]",130,23326,1,411,22,23771,1,0,0,1,22,23771,0,0,0,0,0,0,21,21,0,0,0,0,0,0,306.97684,308,0,0,0.0,0,0,0,0
834,2,0,0,1,1,1,5,0,0,2,"[ 1,5 ]",130,23326,2,411,384,23100,1,0,0,2,384,23100,0,0,0,0,0,0,0,0,0,0,48,0,0,50,0.0,0,0,0,741.97687,706,0,0,1
835,1,1,2,0,0,1,3,0,0,2,"[ 1,3 ]",131,23416,1,1,207,22179,1,0,0,1,23,23410,0,0,0,0,0,0,20,20,0,0,0,0,0,0,298.49887,298,0,0,0.0,0,0,0,0
841,1,1,2,0,0,1,4,2,0,3,"[ 1,4,2 ]",132,23426,1,1,463,463,1,1,0,1,78,24009,2,44,25142,0,0,0,22,22,23,0,0,0,0,0,315.21994,318,334,0,0.0,0,0,0,0
841,2,0,0,1,1,1,4,3,0,3,"[ 1,4,3 ]",132,23426,2,411,78,24009,1,1,0,1,78,24009,2,22,23762,0,0,0,0,0,0,0,22,53,0,54,0.0,0,0,0,795.22,318,790,0,0
845,1,1,2,0,0,2,5,3,0,3,"[ 2,5,3 ]",133,23273,1,1,134,23283,1,1,0,1,198,22609,2,384,23100,0,0,0,21,22,22,0,0,0,0,0,313.85464,317,326,0,0.0,0,0,0,0
845,2,0,0,1,2,2,3,0,0,2,"[ 2,3 ]",133,23273,1,1,133,23273,1,0,0,2,384,23100,0,0,0,0,0,0,0,0,0,0,22,0,0,52,0.0,0,0,0,778.8547,326,0,0,4
873,2,0,0,1,1,2,4,0,0,2,"[ 2,4 ]",138,23239,2,411,278,20763,1,0,0,2,278,20763,0,0,0,0,0,0,0,0,0,0,57,0,0,58,0.0,0,0,0,867.0851,854,0,0,0
883,1,1,1,0,0,2,4,0,0,2,"[ 2,4 ]",138,23255,1,411,336,26628,1,0,0,1,336,26628,0,0,0,0,0,0,18,20,0,0,0,0,0,0,256.40527,300,0,0,0.0,0,0,0,0
912,1,1,2,0,0,1,3,0,0,2,"[ 1,3 ]",140,22567,1,1,150,22210,1,0,0,1,53,24076,0,0,0,0,0,0,22,22,0,0,0,0,0,0,323.3634,328,0,0,0.0,0,0,0,0
912,2,0,0,1,1,1,4,0,0,2,"[ 1,4 ]",140,22567,2,411,383,22682,1,0,0,2,383,22682,0,0,0,0,0,0,0,0,0,0,59,0,0,60,0.0,0,0,0,893.3634,874,0,0,1
929,1,1,2,0,0,1,2,0,0,2,"[ 1,2 ]",142,22277,1,1,106,22352,1,0,0,1,23,23410,0,0,0,0,0,0,18,19,0,0,0,0,0,0,265.67862,272,0,0,0.0,0,0,0,0
935,1,1,2,0,0,1,2,0,0,2,"[ 1,2 ]",143,22515,1,1,167,24603,1,0,0,1,195,22321,0,0,0,0,0,0,16,16,0,0,0,0,0,0,234.41986,234,0,0,0.0,0,0,0,0
952,2,0,0,1,1,1,3,0,0,2,"[ 1,3 ]",143,22644,3,411,285,21027,1,0,0,2,285,21027,0,0,0,0,0,0,0,0,0,0,72,0,0,73,0.0,0,0,0,1086.2825,1077,0,0,0
953,1,1,2,0,0,2,3,0,0,2,"[ 2,3 ]",143,22675,1,1,444,444,1,0,0,1,105,22104,0,0,0,0,0,0,17,18,0,0,0,0,0,0,249.02478,260,0,0,0.0,0,0,0,0
965,1,1,1,0,0,1,3,0,0,2,"[ 1,3 ]",146,22284,1,411,154,21811,1,0,0,1,154,21811,0,0,0,0,0,0,20,21,0,0,0,0,0,0,296.30273,303,0,0,0.0,0,0,0,0
965,1,2,2,0,0,1,4,0,0,2,"[ 1,4 ]",146,22284,2,1,145,22113,1,0,0,1,155,21813,0,0,0,0,0,0,24,24,0,0,0,0,0,0,356.30273,359,0,0,0.0,0,0,0,0
965,2,0,0,1,2,2,4,0,0,2,"[ 2,4 ]",146,22284,1,1,146,22284,1,0,0,1,155,21813,0,0,0,0,0,0,0,0,0,0,24,0,0,52,0.0,0,0,0,776.30273,359,0,0,4
966,1,1,2,0,0,1,4,0,0,2,"[ 1,4 ]",146,22284,1,1,199,22124,1,0,0,1,123,22046,0,0,0,0,0,0,18,19,0,0,0,0,0,0,265.23785,285,0,0,0.0,0,0,0,0
966,2,0,0,1,2,1,4,0,0,2,"[ 1,4 ]",146,22284,1,1,146,22284,1,0,0,1,123,22046,0,0,0,0,0,0,0,0,0,0,19,0,0,51,0.0,0,0,0,760.23785,285,0,0,0
969,1,1,2,0,0,2,3,4,0,3,"[ 2,3,4 ]",146,22284,1,1,130,23322,1,1,0,1,123,22046,2,285,21031,0,0,0,17,18,21,0,0,0,0,0,249.55945,270,307,0,0.0,0,0,0,0
986,1,1,2,0,0,2,4,0,0,2,"[ 2,4 ]",146,22821,1,1,207,22179,1,0,0,1,148,22266,0,0,0,0,0,0,23,23,0,0,0,0,0,0,337.53513,341,0,0,0.0,0,0,0,0
990,1,1,2,0,0,1,4,0,0,2,"[ 1,4 ]",146,22862,1,1,44,25142,1,0,0,1,155,21813,0,0,0,0,0,0,23,23,0,0,0,0,0,0,331.66254,335,0,0,0.0,0,0,0,0
991,1,1,1,0,0,2,3,0,0,2,"[ 2,3 ]",146,22871,1,411,278,20762,1,0,0,1,278,20762,0,0,0,0,0,0,15,17,0,0,0,0,0,0,218.3396,242,0,0,0.0,0,0,0,0
991,2,0,0,1,2,2,3,0,0,2,"[ 2,3 ]",146,22871,2,1,146,22871,1,0,0,1,278,20762,0,0,0,0,0,0,0,0,0,0,17,0,0,60,0.0,0,0,0,893.3396,242,0,0,1
993,1,1,2,0,0,2,4,3,0,3,"[ 2,4,3 ]",148,22178,1,1,140,22668,1,1,0,1,155,21813,2,155,21813,0,0,0,23,23,24,0,0,0,0,0,338.45605,342,348,0,0.0,0,0,0,0
993,2,0,0,1,2,2,3,0,0,2,"[ 2,3 ]",148,22178,1,1,148,22178,1,0,0,2,155,21813,0,0,0,0,0,0,0,0,0,0,24,0,0,51,0.0,0,0,0,758.45605,348,0,0,0
1000,1,1,2,0,0,2,4,5,3,4,"[ 2,4,5,3 ]",148,22266,1,1,18,22250,1,1,1,1,393,22335,2,155,21813,3,123,22046,18,19,20,22,0,0,0,0,259.43115,272,295,319,0.0,0,0,0,0
1001,1,1,1,0,0,2,4,0,0,2,"[ 2,4 ]",148,22266,1,411,384,23100,1,0,0,1,384,23100,0,0,0,0,0,0,18,19,0,0,0,0,0,0,268.4674,271,0,0,0.0,0,0,0,0
1003,1,1,1,0,0,2,4,0,0,2,"[ 2,4 ]",148,22266,1,411,109,23587,1,0,0,1,109,23587,0,0,0,0,0,0,19,19,0,0,0,0,0,0,273.1882,278,0,0,0.0,0,0,0,0
1005,1,1,1,0,0,2,3,0,0,2,"[ 2,3 ]",148,22301,1,411,53,24076,1,0,0,1,53,24076,0,0,0,0,0,0,18,19,0,0,0,0,0,0,267.4908,274,0,0,0.0,0,0,0,0
1005,2,0,0,1,1,2,3,0,0,2,"[ 2,3 ]",148,22301,2,411,53,24076,1,0,0,1,53,24076,0,0,0,0,0,0,0,0,0,0,19,0,0,48,0.0,0,0,0,717.4908,274,0,0,0
1012,1,1,1,0,0,1,4,0,0,2,"[ 1,4 ]",149,21884,1,411,154,21811,1,0,0,1,154,21811,0,0,0,0,0,0,16,16,0,0,0,0,0,0,227.53122,233,0,0,0.0,0,0,0,0
1027,1,1,2,0,0,2,4,3,0,3,"[ 2,4,3 ]",150,22296,1,1,186,23464,1,1,0,1,155,21813,2,154,21811,0,0,0,18,18,19,0,0,0,0,0,255.95941,261,271,0,0.0,0,0,0,0
1027,2,0,0,1,2,2,3,0,0,2,"[ 2,3 ]",150,22296,1,1,150,22296,1,0,0,2,154,21811,0,0,0,0,0,0,0,0,0,0,19,0,0,50,0.0,0,0,0,735.9594,271,0,0,2
1037,1,1,2,0,0,1,2,0,0,2,"[ 1,2 ]",151,21930,2,1,444,444,1,0,0,1,154,21811,0,0,0,0,0,0,18,18,0,0,0,0,0,0,260.94412,268,0,0,0.0,0,0,0,0
1042,1,1,1,0,0,3,2,0,0,2,"[ 3,2 ]",151,21995,1,411,358,26241,1,0,0,1,358,26241,0,0,0,0,0,0,21,24,0,0,0,0,0,0,308.04697,348,0,0,0.0,0,0,0,0
1049,1,1,1,0,0,1,3,0,0,2,"[ 1,3 ]",152,21654,1,411,152,21654,1,0,0,1,152,21654,0,0,0,0,0,0,16,16,0,0,0,0,0,0,227.09471,228,0,0,0.0,0,0,0,0
1049,2,0,0,1,1,1,3,0,0,2,"[ 1,3 ]",152,21654,3,411,152,21654,1,0,0,1,152,21654,0,0,0,0,0,0,0,0,0,0,16,0,0,55,0.0,0,0,0,812.0947,228,0,0,0
1050,1,1,2,0,0,1,3,0,0,2,"[ 1,3 ]",152,21654,1,1,117,22133,1,0,0,1,336,26628,0,0,0,0,0,0,19,23,0,0,0,0,0,0,283.2617,338,0,0,0.0,0,0,0,0
1053,1,1,1,0,0,2,6,0,0,2,"[ 2,6 ]",152,21676,1,411,123,22046,1,0,0,1,123,22046,0,0,0,0,0,0,16,16,0,0,0,0,0,0,226.4026,235,0,0,0.0,0,0,0,0
1053,1,2,1,0,0,2,4,0,0,2,"[ 2,4 ]",152,21676,2,411,115,22739,1,0,0,1,115,22739,0,0,0,0,0,0,22,22,0,0,0,0,0,0,316.40262,322,0,0,0.0,0,0,0,0
1053,2,0,0,1,1,5,4,0,0,2,"[ 5,4 ]",152,21676,1,411,115,22739,1,0,0,1,115,22739,0,0,0,0,0,0,0,0,0,0,22,0,0,54,0.0,0,0,0,796.4026,322,0,0,0
1059,1,1,1,0,0,1,4,0,0,2,"[ 1,4 ]",152,21751,1,411,393,22336,1,0,0,1,393,22336,0,0,0,0,0,0,15,16,0,0,0,0,0,0,214.7985,231,0,0,0.0,0,0,0,0
1059,1,2,2,0,0,1,3,0,0,2,"[ 1,3 ]",152,21751,2,1,5,23865,1,0,0,1,123,22046,0,0,0,0,0,0,20,20,0,0,0,0,0,0,289.7985,299,0,0,0.0,0,0,0,0
1060,1,1,2,0,0,2,3,0,0,2,"[ 2,3 ]",152,21756,1,1,199,22119,1,0,0,1,154,21811,0,0,0,0,0,0,22,23,0,0,0,0,0,0,319.42984,334,0,0,0.0,0,0,0,0
1077,1,1,1,0,0,5,3,0,0,2,"[ 5,3 ]",156,21667,1,411,155,21813,1,0,0,1,155,21813,0,0,0,0,0,0,40,40,0,0,0,0,0,0,595.30255,598,0,0,0.0,0,0,0,0
1077,2,0,0,1,1,5,3,0,0,2,"[ 5,3 ]",156,21667,2,411,155,21813,1,0,0,1,155,21813,0,0,0,0,0,0,0,0,0,0,40,0,0,69,0.0,0,0,0,1030.3026,598,0,0,0
1085,1,1,2,0,0,2,3,0,0,2,"[ 2,3 ]",156,21770,1,1,259,20537,1,0,0,1,285,21027,0,0,0,0,0,0,20,21,0,0,0,0,0,0,296.94302,310,0,0,0.0,0,0,0,0
1087,1,1,2,0,0,1,3,0,0,2,"[ 1,3 ]",157,21543,1,1,59,24677,1,0,0,1,155,21813,0,0,0,0,0,0,19,20,0,0,0,0,0,0,281.8393,286,0,0,0.0,0,0,0,0
1088,1,1,1,0,0,1,3,0,0,2,"[ 1,3 ]",157,21545,1,411,154,21811,1,0,0,1,154,21811,0,0,0,0,0,0,18,18,0,0,0,0,0,0,263.35416,265,0,0,0.0,0,0,0,0
1088,2,0,0,1,1,1,3,0,0,2,"[ 1,3 ]",157,21545,2,411,154,21811,1,0,0,1,154,21811,0,0,0,0,0,0,0,0,0,0,18,0,0,49,0.0,0,0,0,728.3542,265,0,0,0
1090,1,1,2,0,0,1,4,3,0,3,"[ 1,4,3 ]",159,21619,2,1,277,20906,1,1,0,1,147,22458,2,154,21811,0,0,0,16,17,18,0,0,0,0,0,237.28906,244,258,0,0.0,0,0,0,0
1090,2,0,0,1,2,1,2,4,0,3,"[ 1,2,4 ]",159,21619,2,1,159,21619,1,1,0,2,154,21811,1,147,22458,0,0,0,0,0,0,0,57,17,0,59,0.0,0,0,0,882.28906,853,244,0,0
1091,1,1,2,0,0,1,2,0,0,2,"[ 1,2 ]",159,21653,1,1,164,23042,1,0,0,1,154,21811,0,0,0,0,0,0,19,19,0,0,0,0,0,0,283.01862,285,0,0,0.0,0,0,0,0
1099,1,1,2,0,0,2,3,0,0,2,"[ 2,3 ]",160,21678,1,1,171,24618,1,0,0,1,154,21811,0,0,0,0,0,0,20,20,0,0,0,0,0,0,294.3146,299,0,0,0.0,0,0,0,0
1101,1,1,2,0,0,1,4,0,0,2,"[ 1,4 ]",160,21752,1,1,187,23590,1,0,0,1,155,21813,0,0,0,0,0,0,20,20,0,0,0,0,0,0,289.39093,294,0,0,0.0,0,0,0,0
1148,2,0,0,1,1,2,4,0,0,2,"[ 2,4 ]",164,23045,1,411,94,23540,1,0,0,2,94,23540,0,0,0,0,0,0,0,0,0,0,47,0,0,47,0.0,0,0,0,691.71826,696,0,0,2
1150,1,1,2,0,0,2,5,0,0,2,"[ 2,5 ]",164,23045,1,1,294,21578,1,0,0,1,87,25067,0,0,0,0,0,0,23,24,0,0,0,0,0,0,337.27032,352,0,0,0.0,0,0,0,0
1150,2,0,0,1,2,2,6,0,0,2,"[ 2,6 ]",164,23045,2,1,164,23045,1,0,0,2,385,23268,0,0,0,0,0,0,0,0,0,0,58,0,0,59,0.0,0,0,0,877.2703,861,0,0,1
1153,1,1,1,0,0,2,3,0,0,2,"[ 2,3 ]",165,23026,1,411,278,20880,1,0,0,1,278,20880,0,0,0,0,0,0,19,20,0,0,0,0,0,0,272.02396,297,0,0,0.0,0,0,0,0
1177,1,1,2,0,0,1,3,0,0,2,"[ 1,3 ]",165,23041,1,1,43,24547,1,0,0,1,154,21811,0,0,0,0,0,0,17,17,0,0,0,0,0,0,246.44608,255,0,0,0.0,0,0,0,0
1177,2,0,0,1,1,2,3,0,0,2,"[ 2,3 ]",165,23041,2,411,154,21811,1,0,0,1,154,21811,0,0,0,0,0,0,0,0,0,0,17,0,0,50,0.0,0,0,0,741.44604,255,0,0,0
1196,1,1,2,0,0,5,4,0,0,2,"[ 5,4 ]",169,24799,1,1,481,481,1,0,0,1,358,26477,0,0,0,0,0,0,13,14,0,0,0,0,0,0,189.0109,210,0,0,0.0,0,0,0,0
1196,2,0,0,1,1,5,3,0,0,2,"[ 5,3 ]",169,24799,4,411,94,23540,1,0,0,2,94,23540,0,0,0,0,0,0,0,0,0,0,59,0,0,59,0.0,0,0,0,879.01086,876,0,0,0
1205,2,0,0,1,1,2,4,3,0,3,"[ 2,4,3 ]",171,24561,2,411,44,25235,1,1,0,2,44,25235,2,87,25067,0,0,0,0,0,0,0,49,50,0,51,0.0,0,0,0,754.45374,728,750,0,0
1212,1,1,1,0,0,1,3,0,0,2,"[ 1,3 ]",172,25181,1,411,358,26241,1,0,0,1,358,26241,0,0,0,0,0,0,21,23,0,0,0,0,0,0,314.80627,333,0,0,0.0,0,0,0,0
1216,1,1,2,0,0,2,3,0,0,2,"[ 2,3 ]",172,25182,1,1,187,23590,1,0,0,1,44,25072,0,0,0,0,0,0,19,20,0,0,0,0,0,0,281.6115,288,0,0,0.0,0,0,0,0
1216,2,0,0,1,2,2,3,0,0,2,"[ 2,3 ]",172,25182,1,1,172,25182,1,0,0,1,44,25072,0,0,0,0,0,0,0,0,0,0,20,0,0,48,0.0,0,0,0,716.6115,288,0,0,0
1222,1,1,2,0,0,1,3,0,0,2,"[ 1,3 ]",172,25194,1,1,123,21973,1,0,0,1,18,22250,0,0,0,0,0,0,22,23,0,0,0,0,0,0,328.63123,344,0,0,0.0,0,0,0,0
1224,1,1,1,0,0,1,3,4,0,3,"[ 1,3,4 ]",172,25207,2,411,94,23540,1,1,0,1,94,23540,2,44,25072,0,0,0,19,19,20,0,0,0,0,0,273.9739,280,296,0,0.0,0,0,0,0
1224,2,0,0,1,1,1,3,0,0,2,"[ 1,3 ]",172,25207,3,411,94,23540,1,0,0,1,94,23540,0,0,0,0,0,0,0,0,0,0,19,0,0,48,0.0,0,0,0,708.97394,280,0,0,0
1224,2,0,0,2,1,1,4,0,0,2,"[ 1,4 ]",172,25207,4,411,44,25072,1,0,0,2,44,25072,0,0,0,0,0,0,0,0,0,0,20,0,0,50,0.0,0,0,0,738.97394,296,0,0,0
1243,1,1,2,0,0,1,3,4,0,3,"[ 1,3,4 ]",176,23219,1,1,180,23651,1,1,0,1,384,23100,2,78,24009,0,0,0,24,24,25,0,0,0,0,0,354.26917,355,367,0,0.0,0,0,0,0
1256,1,1,2,0,0,1,3,5,0,3,"[ 1,3,5 ]",183,23169,1,1,43,24352,1,1,0,1,53,24076,2,53,24076,0,0,0,16,16,16,0,0,0,0,0,227.69217,231,236,0,0.0,0,0,0,0
1261,2,0,0,1,1,1,4,0,0,2,"[ 1,4 ]",183,23204,2,411,22,23762,1,0,0,1,22,23762,0,0,0,0,0,0,0,0,0,0,21,0,0,52,0.0,0,0,0,776.6297,315,0,0,4
1261,1,1,1,0,0,2,4,0,0,2,"[ 2,4 ]",183,23204,1,411,22,23762,1,0,0,1,22,23762,0,0,0,0,0,0,21,21,0,0,0,0,0,0,311.6297,315,0,0,0.0,0,0,0,0
1263,1,1,2,0,0,2,4,5,0,3,"[ 2,4,5 ]",183,23205,1,1,384,23067,1,1,0,1,154,21811,2,123,22046,0,0,0,18,19,21,0,0,0,0,0,263.83127,277,307,0,0.0,0,0,0,0
1273,2,0,0,1,2,2,5,0,0,2,"[ 2,5 ]",183,23246,1,1,183,23246,1,0,0,2,53,24076,0,0,0,0,0,0,0,0,0,0,45,0,0,46,0.0,0,0,0,677.7946,674,0,0,1
1279,1,1,2,0,0,1,3,0,0,2,"[ 1,3 ]",188,22725,1,1,110,23526,1,0,0,1,285,21031,0,0,0,0,0,0,18,19,0,0,0,0,0,0,255.68417,280,0,0,0.0,0,0,0,0
1288,1,1,1,0,0,1,3,0,0,2,"[ 1,3 ]",190,23105,1,411,44,25072,1,0,0,1,44,25072,0,0,0,0,0,0,24,25,0,0,0,0,0,0,353.58063,366,0,0,0.0,0,0,0,0
1288,2,0,0,1,1,2,3,0,0,2,"[ 2,3 ]",190,23105,2,411,44,25072,1,0,0,1,44,25072,0,0,0,0,0,0,0,0,0,0,25,0,0,54,0.0,0,0,0,803.5806,366,0,0,1
1314,1,1,2,0,0,1,2,0,0,2,"[ 1,2 ]",198,22549,1,1,119,22330,1,0,0,1,123,22046,0,0,0,0,0,0,13,13,0,0,0,0,0,0,180.43994,194,0,0,0.0,0,0,0,0
1329,1,1,1,0,0,1,3,0,0,2,"[ 1,3 ]",198,22609,1,411,44,25142,1,0,0,1,44,25142,0,0,0,0,0,0,18,18,0,0,0,0,0,0,258.0468,267,0,0,0.0,0,0,0,0
1333,1,1,2,0,0,2,3,0,0,2,"[ 2,3 ]",198,22609,1,1,100,22658,1,0,0,1,78,24009,0,0,0,0,0,0,18,18,0,0,0,0,0,0,255.66751,266,0,0,0.0,0,0,0,0
1335,1,1,2,0,0,2,3,0,0,2,"[ 2,3 ]",198,22609,1,1,147,22458,1,0,0,1,384,23100,0,0,0,0,0,0,22,22,0,0,0,0,0,0,318.26663,320,0,0,0.0,0,0,0,0
1337,1,1,2,0,0,2,3,0,0,2,"[ 2,3 ]",198,22609,1,1,114,23165,1,0,0,1,155,21813,0,0,0,0,0,0,18,19,0,0,0,0,0,0,266.93637,271,0,0,0.0,0,0,0,0
1347,1,1,2,0,0,1,3,0,0,2,"[ 1,3 ]",198,22771,1,1,146,22284,1,0,0,1,56,24451,0,0,0,0,0,0,24,24,0,0,0,0,0,0,345.27075,355,0,0,0.0,0,0,0,0
1365,1,1,2,0,0,1,3,0,0,2,"[ 1,3 ]",198,22957,1,1,186,23464,1,0,0,1,296,21858,0,0,0,0,0,0,23,24,0,0,0,0,0,0,341.41037,355,0,0,0.0,0,0,0,0
1379,1,1,1,0,0,5,4,0,0,2,"[ 5,4 ]",203,22028,1,411,149,21884,1,0,0,1,149,21884,0,0,0,0,0,0,19,19,0,0,0,0,0,0,270.6943,274,0,0,0.0,0,0,0,0
1379,2,0,0,1,1,5,3,0,0,2,"[ 5,3 ]",203,22028,2,411,195,22321,1,0,0,3,195,22321,0,0,0,0,0,0,0,0,0,0,48,0,0,49,0.0,0,0,0,720.6943,718,0,0,0
1381,1,1,2,0,0,2,3,0,0,2,"[ 2,3 ]",203,22035,1,1,206,22363,1,0,0,1,203,22028,0,0,0,0,0,0,18,18,0,0,0,0,0,0,266.4976,266,0,0,0.0,0,0,0,0
1386,1,1,1,0,0,1,5,3,0,3,"[ 1,5,3 ]",205,25073,1,411,44,25142,1,1,0,1,44,25142,2,44,25142,0,0,0,17,18,18,0,0,0,0,0,251.64774,257,263,0,0.0,0,0,0,0
1386,2,0,0,1,1,1,3,0,0,2,"[ 1,3 ]",205,25073,2,411,44,25142,1,0,0,2,44,25142,0,0,0,0,0,0,0,0,0,0,18,0,0,49,0.0,0,0,0,731.6477,263,0,0,0
1395,1,1,2,0,0,1,3,0,0,2,"[ 1,3 ]",209,21387,1,1,174,25159,1,0,0,1,125,21772,0,0,0,0,0,0,18,19,0,0,0,0,0,0,266.467,272,0,0,0.0,0,0,0,0
1396,1,1,2,0,0,1,5,6,0,3,"[ 1,5,6 ]",209,21414,1,1,448,448,1,1,0,1,123,22046,2,393,22335,0,0,0,18,19,19,0,0,0,0,0,264.84995,275,284,0,0.0,0,0,0,0
1415,1,1,1,0,0,1,3,0,0,2,"[ 1,3 ]",214,21066,2,411,219,20205,1,0,0,1,219,20205,0,0,0,0,0,0,23,24,0,0,0,0,0,0,342.77472,350,0,0,0.0,0,0,0,0
1415,2,0,0,1,2,2,3,0,0,2,"[ 2,3 ]",214,21066,1,1,214,21066,1,0,0,1,219,20205,0,0,0,0,0,0,0,0,0,0,24,0,0,55,0.0,0,0,0,822.7747,350,0,0,0
1427,1,1,1,0,0,1,2,0,0,2,"[ 1,2 ]",219,20210,1,411,219,20205,1,0,0,1,219,20205,0,0,0,0,0,0,22,22,0,0,0,0,0,0,320.63327,321,0,0,0.0,0,0,0,0
1447,1,1,1,0,0,2,3,4,5,4,"[ 2,3,4,5 ]",222,20152,2,411,219,20205,1,1,1,1,219,20205,2,219,20205,3,219,20205,16,16,16,17,0,0,0,0,232.34865,232,238,243,0.0,0,0,0,0
1456,1,1,1,0,0,1,3,0,0,2,"[ 1,3 ]",222,20218,2,411,219,20205,1,0,0,1,219,20205,0,0,0,0,0,0,23,23,0,0,0,0,0,0,341.45746,341,0,0,0.0,0,0,0,0
1457,1,1,1,0,0,1,3,4,0,3,"[ 1,3,4 ]",223,20216,1,411,219,20205,1,1,0,1,219,20205,2,219,20205,0,0,0,18,18,18,0,0,0,0,0,260.2524,261,266,0,0.0,0,0,0,0
1459,2,0,0,1,1,1,3,0,0,2,"[ 1,3 ]",223,20244,2,411,219,20205,1,0,0,2,219,20205,0,0,0,0,0,0,0,0,0,0,61,0,0,62,0.0,0,0,0,915.1385,907,0,0,0
1469,1,1,1,0,0,2,4,0,0,2,"[ 2,4 ]",227,21411,1,411,154,21811,1,0,0,1,154,21811,0,0,0,0,0,0,19,19,0,0,0,0,0,0,273.9855,283,0,0,0.0,0,0,0,0
1476,1,1,1,0,0,1,3,0,0,2,"[ 1,3 ]",229,21410,1,411,154,21811,1,0,0,1,154,21811,0,0,0,0,0,0,19,20,0,0,0,0,0,0,283.1258,289,0,0,0.0,0,0,0,0
1476,2,0,0,1,1,1,4,0,0,2,"[ 1,4 ]",229,21410,2,411,44,25235,1,0,0,1,44,25235,0,0,0,0,0,0,0,0,0,0,16,0,0,58,0.0,0,0,0,868.1258,238,0,0,0
1476,1,2,2,0,0,2,4,0,0,2,"[ 2,4 ]",229,21410,1,1,84,24695,1,0,0,1,44,25235,0,0,0,0,0,0,14,16,0,0,0,0,0,0,208.1258,238,0,0,0.0,0,0,0,0
1478,1,1,2,0,0,2,3,0,0,2,"[ 2,3 ]",230,21318,1,1,30,21957,1,0,0,1,285,21019,0,0,0,0,0,0,18,19,0,0,0,0,0,0,267.02924,278,0,0,0.0,0,0,0,0
1481,1,1,2,0,0,1,3,0,0,2,"[ 1,3 ]",232,20819,1,1,221,20375,1,0,0,1,219,20205,0,0,0,0,0,0,20,21,0,0,0,0,0,0,298.78613,308,0,0,0.0,0,0,0,0
1483,1,1,2,0,0,2,3,0,0,2,"[ 2,3 ]",233,20980,1,1,460,460,1,0,0,1,154,21811,0,0,0,0,0,0,19,20,0,0,0,0,0,0,280.40134,292,0,0,0.0,0,0,0,0
1483,2,0,0,1,2,2,3,0,0,2,"[ 2,3 ]",233,20980,1,1,233,20980,1,0,0,1,154,21811,0,0,0,0,0,0,0,0,0,0,20,0,0,57,0.0,0,0,0,850.40137,292,0,0,0
1492,1,1,1,0,0,1,4,3,0,3,"[ 1,4,3 ]",236,21370,2,411,155,21813,1,1,0,1,155,21813,2,219,20205,0,0,0,18,18,21,0,0,0,0,0,255.7154,265,302,0,0.0,0,0,0,0
1492,2,0,0,1,1,1,4,0,0,2,"[ 1,4 ]",236,21370,5,411,155,21813,1,0,0,1,155,21813,0,0,0,0,0,0,0,0,0,0,18,0,0,47,0.0,0,0,0,690.7154,265,0,0,0
1492,2,0,0,2,1,1,3,0,0,2,"[ 1,3 ]",236,21370,6,411,219,20205,1,0,0,2,219,20205,0,0,0,0,0,0,0,0,0,0,21,0,0,53,0.0,0,0,0,780.7154,302,0,0,3
1500,2,0,0,1,2,1,3,0,0,2,"[ 1,3 ]",238,21238,1,1,238,21238,1,0,0,2,285,21020,0,0,0,0,0,0,0,0,0,0,50,0,0,51,0.0,0,0,0,759.978,743,0,0,0
1500,2,0,0,2,1,2,4,0,0,2,"[ 2,4 ]",238,21238,1,411,285,21051,1,0,0,2,285,21051,0,0,0,0,0,0,0,0,0,0,49,0,0,49,0.0,0,0,0,729.978,731,0,0,0
1501,1,1,1,0,0,1,3,0,0,2,"[ 1,3 ]",239,21213,2,411,160,21669,1,0,0,1,160,21669,0,0,0,0,0,0,21,22,0,0,0,0,0,0,310.98376,323,0,0,0.0,0,0,0,0
1501,2,0,0,1,1,1,3,0,0,2,"[ 1,3 ]",239,21213,3,411,160,21669,1,0,0,1,160,21669,0,0,0,0,0,0,0,0,0,0,22,0,0,36,0.0,0,0,0,535.98376,323,0,0,0
1507,1,1,2,0,0,1,2,0,0,2,"[ 1,2 ]",241,20190,1,1,198,22609,1,0,0,1,379,21722,0,0,0,0,0,0,16,17,0,0,0,0,0,0,231.62865,255,0,0,0.0,0,0,0,0
1508,2,0,0,1,2,1,2,0,0,2,"[ 1,2 ]",241,20190,1,1,241,20190,1,0,0,2,219,20205,0,0,0,0,0,0,0,0,0,0,52,0,0,53,0.0,0,0,0,784.07825,770,0,0,0
1512,1,1,2,0,0,1,2,0,0,2,"[ 1,2 ]",244,20080,1,1,145,22113,1,0,0,1,278,20763,0,0,0,0,0,0,21,22,0,0,0,0,0,0,308.47177,322,0,0,0.0,0,0,0,0
1514,1,1,2,0,0,1,4,3,0,3,"[ 1,4,3 ]",244,20110,1,1,59,24622,1,1,0,1,358,26241,2,248,20070,0,0,0,17,21,26,0,0,0,0,0,247.24239,313,386,0,0.0,0,0,0,0
1531,1,1,2,0,0,1,3,0,0,2,"[ 1,3 ]",262,20516,1,1,385,23234,1,0,0,1,262,20351,0,0,0,0,0,0,21,21,0,0,0,0,0,0,311.91882,311,0,0,0.0,0,0,0,0
1533,1,1,1,0,0,2,5,0,0,2,"[ 2,5 ]",264,20881,2,411,267,20708,1,0,0,1,267,20708,0,0,0,0,0,0,18,18,0,0,0,0,0,0,268.8501,270,0,0,0.0,0,0,0,0
1533,2,0,0,1,1,3,5,0,0,2,"[ 3,5 ]",264,20881,2,411,267,20708,1,0,0,1,267,20708,0,0,0,0,0,0,0,0,0,0,18,0,0,48,0.0,0,0,0,718.8501,270,0,0,0
1539,2,0,0,1,1,1,4,0,0,2,"[ 1,4 ]",264,20905,3,411,261,20332,1,0,0,2,261,20332,0,0,0,0,0,0,0,0,0,0,19,0,0,50,0.0,0,0,0,739.7387,283,0,0,0
1539,1,1,2,0,0,2,3,4,0,3,"[ 2,3,4 ]",264,20905,1,1,145,22113,1,1,0,1,261,20223,2,261,20332,0,0,0,19,19,19,0,0,0,0,0,274.7387,278,283,0,0.0,0,0,0,0
1541,2,0,0,1,1,2,4,0,0,2,"[ 2,4 ]",264,20915,2,411,256,20487,1,0,0,2,256,20487,0,0,0,0,0,0,0,0,0,0,61,0,0,63,0.0,0,0,0,932.31995,911,0,0,1
1543,1,1,2,0,0,1,4,0,0,2,"[ 1,4 ]",264,20918,1,1,287,20934,1,0,0,1,267,20691,0,0,0,0,0,0,18,18,0,0,0,0,0,0,263.31274,264,0,0,0.0,0,0,0,0
1544,1,1,1,0,0,2,3,0,0,2,"[ 2,3 ]",264,20924,1,411,358,26241,1,0,0,1,358,26241,0,0,0,0,0,0,12,16,0,0,0,0,0,0,167.0171,230,0,0,0.0,0,0,0,0
1549,1,1,2,0,0,1,6,4,0,3,"[ 1,6,4 ]",265,20616,1,1,462,462,1,1,0,1,278,20763,2,267,20721,0,0,0,18,18,18,0,0,0,0,0,257.2154,257,263,0,0.0,0,0,0,0
1549,2,0,0,1,2,2,6,0,0,2,"[ 2,6 ]",265,20616,1,1,265,20616,1,0,0,1,278,20763,0,0,0,0,0,0,0,0,0,0,18,0,0,56,0.0,0,0,0,827.2154,257,0,0,1
1574,1,1,2,0,0,1,4,0,0,2,"[ 1,4 ]",274,20754,1,1,262,20513,1,0,0,1,267,20737,0,0,0,0,0,0,17,17,0,0,0,0,0,0,249.66037,250,0,0,0.0,0,0,0,0
1578,1,1,2,0,0,2,4,0,0,2,"[ 2,4 ]",274,20865,1,1,460,460,1,0,0,1,267,20691,0,0,0,0,0,0,21,21,0,0,0,0,0,0,312.80698,313,0,0,0.0,0,0,0,0
1595,2,0,0,1,2,2,3,0,0,2,"[ 2,3 ]",280,20857,1,1,280,20857,1,0,0,2,155,22106,0,0,0,0,0,0,0,0,0,0,51,0,0,52,0.0,0,0,0,768.92163,752,0,0,0
1608,1,1,1,0,0,1,2,0,0,2,"[ 1,2 ]",281,20642,1,411,278,20838,1,0,0,1,278,20838,0,0,0,0,0,0,21,21,0,0,0,0,0,0,300.4299,301,0,0,0.0,0,0,0,0
1614,2,0,0,1,2,1,3,0,0,2,"[ 1,3 ]",284,20970,1,1,284,20970,1,0,0,1,278,20849,0,0,0,0,0,0,0,0,0,0,18,0,0,49,0.0,0,0,0,728.9375,270,0,0,0
1614,1,1,2,0,0,2,3,0,0,2,"[ 2,3 ]",284,20970,1,1,59,24677,1,0,0,1,278,20849,0,0,0,0,0,0,18,18,0,0,0,0,0,0,263.93753,270,0,0,0.0,0,0,0,0
1619,1,1,2,0,0,1,2,0,0,2,"[ 1,2 ]",288,21014,1,1,7,23761,1,0,0,1,278,20869,0,0,0,0,0,0,17,18,0,0,0,0,0,0,254.99658,259,0,0,0.0,0,0,0,0
1625,1,1,2,0,0,2,3,0,0,2,"[ 2,3 ]",293,21395,2,1,463,463,1,0,0,1,285,21031,0,0,0,0,0,0,17,17,0,0,0,0,0,0,244.598,251,0,0,0.0,0,0,0,0
1629,1,1,1,0,0,2,3,0,0,2,"[ 2,3 ]",295,21445,1,411,154,21811,1,0,0,1,154,21811,0,0,0,0,0,0,20,20,0,0,0,0,0,0,285.8154,293,0,0,0.0,0,0,0,0
1629,2,0,0,1,1,2,3,0,0,2,"[ 2,3 ]",295,21445,2,411,154,21811,1,0,0,1,154,21811,0,0,0,0,0,0,0,0,0,0,20,0,0,55,0.0,0,0,0,810.8154,293,0,0,1
1630,1,1,1,0,0,1,3,0,0,2,"[ 1,3 ]",295,21677,1,411,296,21858,1,0,0,1,296,21858,0,0,0,0,0,0,19,19,0,0,0,0,0,0,275.1962,276,0,0,0.0,0,0,0,0
1630,2,0,0,1,1,1,3,0,0,2,"[ 1,3 ]",295,21677,2,411,296,21858,1,0,0,1,296,21858,0,0,0,0,0,0,0,0,0,0,19,0,0,55,0.0,0,0,0,815.1962,276,0,0,0
1632,1,1,1,0,0,2,3,0,0,2,"[ 2,3 ]",295,21681,1,411,296,21858,1,0,0,1,296,21858,0,0,0,0,0,0,23,23,0,0,0,0,0,0,344.21503,345,0,0,0.0,0,0,0,0
1632,2,0,0,1,1,2,3,0,0,2,"[ 2,3 ]",295,21681,2,411,296,21858,1,0,0,1,296,21858,0,0,0,0,0,0,0,0,0,0,23,0,0,54,0.0,0,0,0,809.215,345,0,0,0
1636,1,1,2,0,0,2,3,5,0,3,"[ 2,3,5 ]",296,21901,1,1,378,25630,1,1,0,1,154,21811,2,154,21811,0,0,0,17,18,18,0,0,0,0,0,251.9176,262,268,0,0.0,0,0,0,0
1640,1,1,1,0,0,1,5,4,0,3,"[ 1,5,4 ]",298,22077,1,411,155,21813,1,1,0,1,155,21813,2,154,21811,0,0,0,18,19,19,0,0,0,0,0,260.1487,273,282,0,0.0,0,0,0,0
1640,2,0,0,1,1,1,4,0,0,2,"[ 1,4 ]",298,22077,2,411,154,21811,1,0,0,2,154,21811,0,0,0,0,0,0,0,0,0,0,19,0,0,51,0.0,0,0,0,755.1487,282,0,0,1
1641,2,0,0,1,1,2,6,0,0,2,"[ 2,6 ]",298,22493,2,411,172,25193,1,0,0,2,172,25193,0,0,0,0,0,0,0,0,0,0,63,0,0,63,0.0,0,0,0,939.6776,937,0,0,1
1642,1,1,2,0,0,1,4,5,0,3,"[ 1,4,5 ]",298,22493,1,1,296,21856,1,1,0,1,278,20879,2,155,21813,0,0,0,21,23,25,0,0,0,0,0,309.43637,335,362,0,0.0,0,0,0,0
1649,1,1,2,0,0,1,3,0,0,2,"[ 1,3 ]",301,24281,1,1,338,26503,1,0,0,1,44,25072,0,0,0,0,0,0,16,17,0,0,0,0,0,0,228.53902,243,0,0,0.0,0,0,0,0
1655,1,1,1,0,0,1,5,0,0,2,"[ 1,5 ]",302,24640,1,411,138,23257,1,0,0,1,138,23257,0,0,0,0,0,0,15,16,0,0,0,0,0,0,222.85818,240,0,0,0.0,0,0,0,0
1655,2,0,0,1,1,4,5,0,0,2,"[ 4,5 ]",302,24640,3,411,138,23257,1,0,0,1,138,23257,0,0,0,0,0,0,0,0,0,0,16,0,0,49,0.0,0,0,0,732.85815,240,0,0,0
1667,1,1,1,0,0,1,3,0,0,2,"[ 1,3 ]",305,23569,1,411,336,26628,1,0,0,1,336,26628,0,0,0,0,0,0,17,19,0,0,0,0,0,0,244.86801,273,0,0,0.0,0,0,0,0
1674,1,1,2,0,0,2,3,0,0,2,"[ 2,3 ]",307,25285,1,1,46,25128,1,0,0,1,208,22473,0,0,0,0,0,0,17,19,0,0,0,0,0,0,251.52325,285,0,0,0.0,0,0,0,0
1674,2,0,0,1,2,2,3,0,0,2,"[ 2,3 ]",307,25285,1,1,307,25285,1,0,0,1,208,22473,0,0,0,0,0,0,0,0,0,0,19,0,0,51,0.0,0,0,0,761.52325,285,0,0,0
1687,1,1,2,0,0,1,2,0,0,2,"[ 1,2 ]",311,25417,2,1,468,468,1,0,0,1,44,25235,0,0,0,0,0,0,22,22,0,0,0,0,0,0,316.4422,326,0,0,0.0,0,0,0,0
1698,2,0,0,1,1,1,4,0,0,2,"[ 1,4 ]",316,25944,2,411,174,25163,1,0,0,1,174,25163,0,0,0,0,0,0,0,0,0,0,19,0,0,62,0.0,0,0,0,922.1423,284,0,0,1
1698,1,1,2,0,0,2,4,0,0,2,"[ 2,4 ]",316,25944,1,1,100,23199,1,0,0,1,174,25163,0,0,0,0,0,0,18,19,0,0,0,0,0,0,262.1423,284,0,0,0.0,0,0,0,0
1699,1,1,1,0,0,1,3,0,0,2,"[ 1,3 ]",320,25880,1,411,336,26628,1,0,0,1,336,26628,0,0,0,0,0,0,22,23,0,0,0,0,0,0,324.7845,337,0,0,0.0,0,0,0,0
1699,2,0,0,1,1,1,3,0,0,2,"[ 1,3 ]",320,25880,3,411,336,26628,1,0,0,1,336,26628,0,0,0,0,0,0,0,0,0,0,23,0,0,53,0.0,0,0,0,789.7845,337,0,0,0
1705,1,1,2,0,0,2,5,0,0,2,"[ 2,5 ]",323,25875,1,1,336,26609,1,0,0,1,336,26628,0,0,0,0,0,0,18,18,0,0,0,0,0,0,259.74277,269,0,0,0.0,0,0,0,0
1710,1,1,1,0,0,1,4,0,0,2,"[ 1,4 ]",325,25863,1,411,336,26623,1,0,0,1,336,26623,0,0,0,0,0,0,22,22,0,0,0,0,0,0,321.79572,330,0,0,0.0,0,0,0,0
1711,1,1,2,0,0,2,4,0,0,2,"[ 2,4 ]",325,25990,1,1,468,468,1,0,0,1,336,26628,0,0,0,0,0,0,18,18,0,0,0,0,0,0,258.76385,267,0,0,0.0,0,0,0,0
1711,2,0,0,1,2,2,6,0,0,2,"[ 2,6 ]",325,25990,1,1,325,25990,1,0,0,2,328,26442,0,0,0,0,0,0,0,0,0,0,55,0,0,56,0.0,0,0,0,828.76385,814,0,0,0
1713,1,1,2,0,0,2,5,6,4,4,"[ 2,5,6,4 ]",326,26411,1,1,328,26455,1,1,1,1,336,26619,2,336,26623,3,336,26619,20,20,20,21,0,0,0,0,287.89255,292,297,303,0.0,0,0,0,0
1715,1,1,2,0,0,2,3,0,0,2,"[ 2,3 ]",326,26412,1,1,338,26610,1,0,0,1,336,26619,0,0,0,0,0,0,18,18,0,0,0,0,0,0,258.74152,263,0,0,0.0,0,0,0,0
1736,1,1,2,0,0,3,2,4,0,3,"[ 3,2,4 ]",331,26528,1,1,331,26528,1,1,0,1,336,26628,2,336,26628,0,0,0,19,19,19,0,0,0,0,0,276.11646,276,282,0,0.0,0,0,0,0
1737,1,1,1,0,0,2,3,0,0,2,"[ 2,3 ]",331,26599,1,411,336,26619,1,0,0,1,336,26619,0,0,0,0,0,0,18,18,0,0,0,0,0,0,257.48105,257,0,0,0.0,0,0,0,0
1741,1,1,1,0,0,1,3,0,0,2,"[ 1,3 ]",331,26632,1,411,336,26628,1,0,0,1,336,26628,0,0,0,0,0,0,21,21,0,0,0,0,0,0,312.65778,313,0,0,0.0,0,0,0,0
1741,2,0,0,1,2,1,4,0,0,2,"[ 1,4 ]",331,26632,2,1,331,26632,1,0,0,2,336,26619,0,0,0,0,0,0,0,0,0,0,52,0,0,53,0.0,0,0,0,792.6578,778,0,0,0
1742,1,1,2,0,0,2,4,0,0,2,"[ 2,4 ]",331,26640,1,1,331,26528,1,0,0,1,336,26619,0,0,0,0,0,0,19,19,0,0,0,0,0,0,284.21875,284,0,0,0.0,0,0,0,0
1744,2,0,0,1,2,1,4,0,0,2,"[ 1,4 ]",331,26640,1,1,331,26640,1,0,0,2,336,26623,0,0,0,0,0,0,0,0,0,0,51,0,0,52,0.0,0,0,0,773.2674,752,0,0,0
1744,1,1,1,0,0,2,3,0,0,2,"[ 2,3 ]",331,26640,1,411,336,26628,1,0,0,1,336,26628,0,0,0,0,0,0,21,21,0,0,0,0,0,0,308.2674,308,0,0,0.0,0,0,0,0
1744,2,0,0,2,1,2,3,0,0,2,"[ 2,3 ]",331,26640,2,411,336,26628,1,0,0,1,336,26628,0,0,0,0,0,0,0,0,0,0,21,0,0,51,0.0,0,0,0,758.2674,308,0,0,0
1751,1,1,1,0,0,1,3,0,0,2,"[ 1,3 ]",334,26689,1,411,336,26631,1,0,0,1,336,26631,0,0,0,0,0,0,17,17,0,0,0,0,0,0,242.48299,243,0,0,0.0,0,0,0,0
1783,1,1,2,0,0,1,4,0,0,2,"[ 1,4 ]",338,26606,1,1,468,468,1,0,0,1,336,26619,0,0,0,0,0,0,19,19,0,0,0,0,0,0,274.35568,274,0,0,0.0,0,0,0,0
1783,2,0,0,1,2,1,4,0,0,2,"[ 1,4 ]",338,26606,1,1,338,26606,1,0,0,1,336,26619,0,0,0,0,0,0,0,0,0,0,19,0,0,51,0.0,0,0,0,754.35565,274,0,0,0
1785,1,1,2,0,0,1,4,5,0,3,"[ 1,4,5 ]",339,26316,1,1,174,25163,1,1,0,1,336,26631,2,336,26623,0,0,0,17,17,18,0,0,0,0,0,247.38171,252,258,0,0.0,0,0,0,0
1785,1,2,2,0,0,2,6,0,0,2,"[ 2,6 ]",339,26316,1,1,330,26531,1,0,0,1,330,26490,0,0,0,0,0,0,17,17,0,0,0,0,0,0,247.38171,251,0,0,0.0,0,0,0,0
1785,2,0,0,1,2,2,6,0,0,2,"[ 2,6 ]",339,26316,1,1,339,26316,1,0,0,1,330,26490,0,0,0,0,0,0,0,0,0,0,17,0,0,58,0.0,0,0,0,862.3817,251,0,0,1
1789,1,1,1,0,0,1,3,0,0,2,"[ 1,3 ]",341,26418,2,411,336,26628,1,0,0,1,336,26628,0,0,0,0,0,0,18,18,0,0,0,0,0,0,256.90768,267,0,0,0.0,0,0,0,0
1796,1,1,1,0,0,1,3,0,0,2,"[ 1,3 ]",344,25750,1,411,296,21856,1,0,0,1,296,21856,0,0,0,0,0,0,15,17,0,0,0,0,0,0,221.59134,250,0,0,0.0,0,0,0,0
1816,1,1,1,0,0,2,3,0,0,2,"[ 2,3 ]",351,26295,1,411,358,26241,1,0,0,1,358,26241,0,0,0,0,0,0,21,21,0,0,0,0,0,0,304.89145,306,0,0,0.0,0,0,0,0
1820,1,1,2,0,0,2,3,0,0,2,"[ 2,3 ]",352,26142,1,1,352,26140,1,0,0,1,154,21811,0,0,0,0,0,0,21,24,0,0,0,0,0,0,305.35162,346,0,0,0.0,0,0,0,0
1823,2,0,0,1,1,2,5,0,0,2,"[ 2,5 ]",353,26183,1,411,358,26241,1,0,0,3,358,26241,0,0,0,0,0,0,0,0,0,0,50,0,0,51,0.0,0,0,0,760.78827,747,0,0,4
1826,1,1,1,0,0,1,3,0,0,2,"[ 1,3 ]",354,26044,1,411,334,26671,1,0,0,1,334,26671,0,0,0,0,0,0,22,24,0,0,0,0,0,0,320.7537,346,0,0,0.0,0,0,0,0
1826,2,0,0,1,1,1,3,0,0,2,"[ 1,3 ]",354,26044,2,411,334,26671,1,0,0,1,334,26671,0,0,0,0,0,0,0,0,0,0,24,0,0,37,0.0,0,0,0,545.75366,346,0,0,0
1846,1,1,2,0,0,2,3,0,0,2,"[ 2,3 ]",357,25889,1,1,444,444,1,0,0,1,56,24451,0,0,0,0,0,0,16,17,0,0,0,0,0,0,233.2856,254,0,0,0.0,0,0,0,0
1852,1,1,1,0,0,1,3,0,0,2,"[ 1,3 ]",358,26477,1,411,358,26478,1,0,0,1,358,26478,0,0,0,0,0,0,22,22,0,0,0,0,0,0,322.81772,323,0,0,0.0,0,0,0,0
1852,2,0,0,1,1,1,3,0,0,2,"[ 1,3 ]",358,26477,2,411,358,26478,1,0,0,1,358,26478,0,0,0,0,0,0,0,0,0,0,22,0,0,62,0.0,0,0,0,922.81775,323,0,0,1
1856,2,0,0,1,1,1,4,0,0,2,"[ 1,4 ]",359,26306,2,411,358,26241,1,0,0,2,358,26241,0,0,0,0,0,0,0,0,0,0,53,0,0,53,0.0,0,0,0,790.51434,790,0,0,3
1858,2,0,0,1,1,1,4,0,0,2,"[ 1,4 ]",360,26382,2,411,358,26241,1,0,0,2,358,26241,0,0,0,0,0,0,0,0,0,0,51,0,0,52,0.0,0,0,0,767.4359,764,0,0,0
1859,1,1,1,0,0,1,4,0,0,2,"[ 1,4 ]",360,26383,1,411,70,25309,1,0,0,1,70,25309,0,0,0,0,0,0,17,18,0,0,0,0,0,0,242.83221,257,0,0,0.0,0,0,0,0
1859,1,2,1,0,0,2,3,0,0,2,"[ 2,3 ]",360,26383,1,411,358,26241,1,0,0,1,358,26241,0,0,0,0,0,0,23,23,0,0,0,0,0,0,332.8322,340,0,0,0.0,0,0,0,0
1859,2,0,0,1,1,2,4,0,0,2,"[ 2,4 ]",360,26383,2,411,70,25309,1,0,0,1,70,25309,0,0,0,0,0,0,0,0,0,0,18,0,0,31,0.0,0,0,0,452.8322,257,0,0,0
1882,1,1,2,0,0,2,3,0,0,2,"[ 2,3 ]",367,25776,1,1,393,22336,1,0,0,1,87,25062,0,0,0,0,0,0,22,23,0,0,0,0,0,0,329.41046,340,0,0,0.0,0,0,0,0
1882,2,0,0,1,2,2,3,0,0,2,"[ 2,3 ]",367,25776,1,1,367,25776,1,0,0,1,87,25062,0,0,0,0,0,0,0,0,0,0,23,0,0,57,0.0,0,0,0,854.41046,340,0,0,2
1884,1,1,2,0,0,1,4,0,0,2,"[ 1,4 ]",368,25764,1,1,287,20954,1,0,0,1,174,25197,0,0,0,0,0,0,16,17,0,0,0,0,0,0,235.63629,253,0,0,0.0,0,0,0,0
1899,1,1,2,0,0,1,3,0,0,2,"[ 1,3 ]",379,21622,1,1,199,22119,1,0,0,1,64,25485,0,0,0,0,0,0,20,22,0,0,0,0,0,0,290.81998,317,0,0,0.0,0,0,0,0
1906,1,1,2,0,0,2,4,0,0,2,"[ 2,4 ]",379,21625,1,1,59,24621,2,0,0,4,155,21909,0,0,0,0,0,0,15,16,0,0,0,0,0,0,223.13312,227,0,0,0.0,0,0,0,0
1908,1,1,2,0,0,2,3,0,0,2,"[ 2,3 ]",379,21631,1,1,177,23256,1,0,0,1,155,21813,0,0,0,0,0,0,21,21,0,0,0,0,0,0,310.77747,315,0,0,0.0,0,0,0,0
1909,1,1,1,0,0,2,4,0,0,2,"[ 2,4 ]",379,21631,1,411,123,22046,1,0,0,1,123,22046,0,0,0,0,0,0,16,17,0,0,0,0,0,0,236.02376,251,0,0,0.0,0,0,0,0
1910,1,1,1,0,0,1,3,0,0,2,"[ 1,3 ]",379,21631,1,411,267,20707,1,0,0,1,267,20707,0,0,0,0,0,0,11,12,0,0,0,0,0,0,150.04549,168,0,0,0.0,0,0,0,0
1910,1,2,1,0,0,2,4,0,0,2,"[ 2,4 ]",379,21631,1,411,154,21811,1,0,0,1,154,21811,0,0,0,0,0,0,22,22,0,0,0,0,0,0,315.04547,319,0,0,0.0,0,0,0,0
1924,1,1,1,0,0,2,4,3,0,3,"[ 2,4,3 ]",379,21722,1,411,256,20487,1,1,0,1,256,20487,2,154,21811,0,0,0,18,20,21,0,0,0,0,0,269.1099,288,312,0,0.0,0,0,0,0
1927,2,0,0,1,2,3,2,0,0,2,"[ 3,2 ]",379,21724,1,1,379,21724,1,0,0,2,44,25142,0,0,0,0,0,0,0,0,0,0,49,0,0,50,0.0,0,0,0,740.27673,721,0,0,0
1959,1,1,1,0,0,2,3,0,0,2,"[ 2,3 ]",384,23063,1,411,336,26623,1,0,0,1,336,26623,0,0,0,0,0,0,14,17,0,0,0,0,0,0,196.01591,241,0,0,0.0,0,0,0,0
1959,2,0,0,1,1,2,3,0,0,2,"[ 2,3 ]",384,23063,2,411,336,26623,1,0,0,1,336,26623,0,0,0,0,0,0,0,0,0,0,17,0,0,50,0.0,0,0,0,736.0159,241,0,0,0
1962,1,1,1,0,0,1,4,3,0,3,"[ 1,4,3 ]",384,23066,1,411,23,23410,1,1,0,1,23,23410,2,23,23410,0,0,0,23,23,23,0,0,0,0,0,330.2183,332,337,0,0.0,0,0,0,0
1962,2,0,0,1,1,1,3,4,0,3,"[ 1,3,4 ]",384,23066,2,411,23,23410,1,1,0,2,23,23410,1,23,23410,0,0,0,0,0,0,0,23,23,0,53,0.0,0,0,0,780.2183,337,332,0,1
1976,2,0,0,1,1,2,3,0,0,2,"[ 2,3 ]",385,23268,2,411,53,24076,1,0,0,2,53,24076,0,0,0,0,0,0,0,0,0,0,48,0,0,49,0.0,0,0,0,720.75543,720,0,0,0
2002,1,1,2,0,0,2,3,0,0,2,"[ 2,3 ]",387,21970,1,1,174,25163,1,0,0,1,126,21840,0,0,0,0,0,0,20,20,0,0,0,0,0,0,297.92426,299,0,0,0.0,0,0,0,0
2014,1,1,2,0,0,2,4,0,0,2,"[ 2,4 ]",388,21612,2,1,393,22506,1,0,0,1,123,22046,0,0,0,0,0,0,18,18,0,0,0,0,0,0,265.2339,266,0,0,0.0,0,0,0,0
2016,1,1,2,0,0,2,3,0,0,2,"[ 2,3 ]",388,21612,1,1,6,23796,1,0,0,1,106,22353,0,0,0,0,0,0,22,22,0,0,0,0,0,0,315.99014,321,0,0,0.0,0,0,0,0
2020,1,1,2,0,0,1,2,0,0,2,"[ 1,2 ]",391,25168,1,1,101,22333,1,0,0,1,44,25235,0,0,0,0,0,0,19,20,0,0,0,0,0,0,282.5302,288,0,0,0.0,0,0,0,0
2044,1,1,2,0,0,1,3,4,0,3,"[ 1,3,4 ]",395,21846,1,1,199,22119,1,1,0,1,115,22648,2,123,22046,0,0,0,16,16,17,0,0,0,0,0,229.75793,234,247,0,0.0,0,0,0,0
2048,1,1,1,0,0,1,4,0,0,2,"[ 1,4 ]",250,20262,1,411,264,20898,1,0,0,1,264,20898,0,0,0,0,0,0,38,38,0,0,0,0,0,0,564.7243,568,0,0,0.0,0,0,0,0
2048,2,0,0,1,1,1,4,0,0,2,"[ 1,4 ]",250,20262,2,411,264,20898,1,0,0,1,264,20898,0,0,0,0,0,0,0,0,0,0,38,0,0,52,0.0,0,0,0,774.7243,568,0,0,0
2050,1,1,2,0,0,1,3,0,0,2,"[ 1,3 ]",250,20262,1,1,287,20950,1,0,0,1,267,20707,0,0,0,0,0,0,21,21,0,0,0,0,0,0,309.78894,311,0,0,0.0,0,0,0,0
2050,1,2,2,0,0,2,4,0,0,2,"[ 2,4 ]",250,20262,1,1,29,23126,1,0,0,1,267,20725,0,0,0,0,0,0,22,22,0,0,0,0,0,0,324.78894,326,0,0,0.0,0,0,0,0
2050,2,0,0,1,2,2,4,0,0,2,"[ 2,4 ]",250,20262,1,1,250,20262,1,0,0,1,267,20725,0,0,0,0,0,0,0,0,0,0,22,0,0,53,0.0,0,0,0,789.78894,326,0,0,1
2053,1,1,2,0,0,2,3,0,0,2,"[ 2,3 ]",250,20350,1,1,458,458,1,0,0,1,256,20487,0,0,0,0,0,0,20,20,0,0,0,0,0,0,291.33344,292,0,0,0.0,0,0,0,0
2053,2,0,0,1,1,2,3,0,0,2,"[ 2,3 ]",250,20350,2,411,256,20487,1,0,0,1,256,20487,0,0,0,0,0,0,0,0,0,0,20,0,0,53,0.0,0,0,0,786.33344,292,0,0,0
2061,1,1,1,0,0,1,4,0,0,2,"[ 1,4 ]",250,20498,1,411,267,20721,1,0,0,1,267,20721,0,0,0,0,0,0,20,20,0,0,0,0,0,0,293.2564,294,0,0,0.0,0,0,0,0
2061,2,0,0,1,1,1,4,0,0,2,"[ 1,4 ]",250,20498,2,411,267,20721,1,0,0,1,267,20721,0,0,0,0,0,0,0,0,0,0,20,0,0,49,0.0,0,0,0,728.2564,294,0,0,0
